Time,Actual,Explicit Euler,Simpletic Euler,Verlet
0.0,300.0,300.0,300.0,300.0
0.005,300.0,300.10107,300.08105,300.0811
0.01,300.09,300.18106,300.14105,300.14215
0.015,300.16,300.14447,300.08444,300.08664
0.02,300.2099,300.18442,300.10437,300.0111
0.024999999,300.2398,300.20435,300.10428,299.9156
0.029999997,300.24966,300.20422,300.08417,299.80008
0.034999996,300.23947,300.18405,300.04404,299.6646
0.039999995,300.20926,300.14386,299.98392,299.50922
0.044999994,300.159,300.08362,299.90378,299.33392
0.049999993,300.08868,300.00336,299.80368,299.13876
0.054999992,299.99832,299.90308,299.68362,298.92377
0.05999999,299.88803,299.78278,299.5436,298.689
0.06499999,299.7577,299.64252,299.3837,298.43448
0.06999999,299.60745,299.4823,299.20392,298.16028
0.074999996,299.43726,299.30215,299.0043,297.86646
0.08,299.2472,299.1021,298.78488,297.55307
0.085,299.0373,298.8822,298.5457,297.22018
0.09,298.8076,298.6425,298.28677,296.86786
0.095000006,298.55807,298.46414,298.0894,296.57733
0.10000001,298.2889,298.1849,297.7912,296.2675
0.10500001,298.00006,297.82907,297.41656,295.88147
0.110000014,297.6916,297.5105,297.07935,295.4763
0.11500002,297.3636,297.17236,296.72272,295.052
0.12000002,297.0161,296.81473,296.34674,294.6087
0.12500001,296.64926,296.43765,295.9515,294.14648
0.13000001,296.26306,295.9807,295.47656,293.60492
0.135,295.85764,295.565,295.04303,293.04465
0.14,295.433,295.1301,294.59048,292.46576
0.145,294.9893,294.67606,294.11902,291.86838
0.14999999,294.5266,294.203,293.62875,291.25262
0.15499999,294.04498,293.71103,293.11975,290.61862
0.15999998,293.5446,293.2002,292.59213,289.9665
0.16499998,293.02548,292.67062,292.046,289.29636
0.16999997,292.48773,292.1224,291.48145,288.60837
0.17499997,291.9315,291.65485,290.99777,288.00183
0.17999996,291.3569,291.06967,290.39673,287.3777
0.18499996,290.764,290.4662,289.7776,286.73605
0.18999995,290.15298,289.84448,289.1405,286.0771
0.19499995,289.52393,289.20468,288.4856,285.4009
0.19999994,288.87695,288.5469,287.813,284.70764
0.20499994,288.2122,287.87128,287.1228,283.99744
0.20999993,287.52982,287.17795,286.4152,283.27045
0.21499993,286.82993,286.46704,285.6903,282.5268
0.21999992,286.11267,285.7387,284.94827,281.76663
0.22499992,285.37817,284.99307,284.18927,280.9901
0.22999991,284.62662,284.2303,283.41342,280.1974
0.23499991,283.85815,283.4505,282.62088,279.3886
0.2399999,283.0729,282.65387,281.81183,278.56396
0.2449999,282.27103,281.84055,280.98642,277.7236
0.2499999,281.45273,281.0107,280.1448,276.8677
0.2549999,280.6181,280.1645,279.28717,275.99643
0.2599999,279.76736,279.30206,278.41367,275.10995
0.2649999,278.90067,278.4236,277.52448,274.20847
0.2699999,278.01822,277.5293,276.61978,273.29214
0.2749999,277.12012,276.6193,275.69977,272.36118
0.27999988,276.20663,275.6938,274.76462,271.41574
0.28499988,275.27792,274.75296,273.8145,270.45602
0.28999987,274.33414,273.86075,272.9134,269.54596
0.29499987,273.37546,272.88983,271.93393,268.62198
0.29999986,272.40213,271.90414,270.9401,267.68427
0.30499986,271.41434,270.90387,269.93207,266.733
0.30999985,270.41223,269.88922,268.91006,265.7684
0.31499985,269.39606,268.8604,267.87427,264.79065
0.31999984,268.366,267.81763,266.8249,263.79993
0.32499984,267.32227,266.76105,265.76215,262.79645
0.32999983,266.26508,265.69092,264.68625,261.7804
0.33499983,265.19464,264.60742,263.5974,260.75198
0.33999982,264.11118,263.5108,262.49588,259.71143
0.34499982,263.01486,262.40118,261.38177,258.65887
0.34999982,261.9059,261.27893,260.25546,257.5946
0.3549998,260.78467,260.1442,259.1171,256.51883
0.3599998,259.6512,258.99722,257.9669,255.43175
0.3649998,258.50583,257.8382,256.8051,254.33357
0.3699998,257.34875,256.6674,255.63197,253.22453
0.3749998,256.1802,255.485,254.4477,252.10484
0.3799998,255.00043,254.29129,253.25253,250.97473
0.38499978,253.80965,253.08647,252.04672,249.83443
0.38999978,252.6081,251.8708,250.8305,248.68416
0.39499977,251.39604,250.64452,249.60411,247.52415
0.39999977,250.17369,249.40785,248.3678,246.35464
0.40499976,248.94131,248.16106,247.12181,245.17586
0.40999976,247.69914,246.90439,245.86641,243.98804
0.41499975,246.44743,245.63808,244.60182,242.79141
0.41999975,245.18643,244.3624,243.32832,241.58623
0.42499974,243.9164,243.07759,242.04616,240.37273
0.42999974,242.63759,241.7839,240.75558,239.15115
0.43499973,241.35025,240.4816,239.45686,237.92175
0.43999973,240.05464,239.17094,238.15024,236.68477
0.44499972,238.75099,237.85219,236.83598,235.44044
0.44999972,237.43964,236.5256,235.51437,234.18903
0.45499972,236.12076,235.19145,234.18565,232.93077
0.4599997,234.79468,233.84999,232.8501,231.66592
0.4649997,233.46164,232.5015,231.50797,230.39474
0.4699997,232.12192,231.14622,230.15953,229.1175
0.4749997,230.77574,229.78445,228.80507,227.83441
0.4799997,229.42342,228.41646,227.44485,226.54576
0.4849997,228.06523,227.0425,226.07915,225.2518
0.48999968,226.7014,225.66286,224.70822,223.95279
0.49499968,225.33224,224.29941,223.35396,222.6706
0.49999967,223.95802,222.90923,221.97342,221.38387
0.5049997,222.57903,221.42683,220.50114,220.00552
0.5099997,221.19548,220.0272,219.1121,218.62318
0.5149997,219.80772,218.62329,217.71925,217.23712
0.5199997,218.41599,217.21538,216.32286,215.84761
0.5249997,217.02058,215.80374,214.9232,214.45493
0.5299997,215.62177,214.38866,213.52055,213.05936
0.53499967,214.21983,212.97041,212.1152,211.66118
0.53999966,212.81503,211.54929,210.70743,210.26067
0.54499966,211.40768,210.12556,209.29752,208.85811
0.54999965,209.99808,208.69954,207.88574,207.45378
0.55499965,208.58644,207.27148,206.47238,206.04796
0.55999964,207.17308,205.84169,205.05774,204.64093
0.56499964,205.75832,204.41045,203.64207,203.23297
0.56999964,204.34238,202.97803,202.2257,201.82437
0.57499963,202.92558,201.54474,200.80885,200.4154
0.5799996,201.5082,200.11086,199.39186,199.00636
0.5849996,200.09052,198.7553,198.05363,197.67616
0.5899996,198.6728,197.32108,196.63715,196.34642
0.5949996,197.25536,195.8871,195.22133,195.01741
0.5999996,195.83847,194.45366,193.80647,193.68939
0.6049996,194.42242,193.02104,192.39285,192.36264
0.6099996,193.00748,191.58954,190.98076,191.03741
0.6149996,191.59393,190.15942,189.57047,189.71397
0.6199996,190.18207,188.731,188.16226,188.3926
0.6249996,188.77217,187.30455,186.75642,187.07353
0.6299996,187.36452,185.965,185.4379,185.8417
0.6349996,185.95938,184.48607,183.98035,184.55545
0.63999957,184.55708,183.06721,182.58327,183.27228
0.64499956,183.15785,181.65146,181.18968,181.99245
0.64999956,181.76198,180.23909,179.79985,180.71622
0.65499955,180.36977,178.91812,178.5018,179.53159
0.65999955,178.98148,177.51337,177.12032,178.35104
0.66499954,177.5974,176.11284,175.74341,177.17484
0.66999954,176.21777,174.7168,174.37135,176.00319
0.67499954,174.84294,173.32555,173.00443,174.83635
0.67999953,173.47313,171.93935,171.64288,173.67455
0.6849995,172.10861,170.55849,170.28702,172.518
0.6899995,170.74968,169.18323,168.93709,171.36696
0.6949995,169.39659,167.81386,167.59338,170.22163
0.6999995,168.04964,166.45065,166.25615,169.08226
0.7049995,166.70905,165.09389,164.92567,167.94907
0.7099995,165.37515,163.74384,163.6022,166.82228
0.7149995,164.04816,162.40076,162.28601,165.70213
0.7199995,162.72836,161.06494,160.97737,164.58885
0.7249995,161.41602,159.73663,159.67653,163.48265
0.7299995,160.11139,158.41612,158.38376,162.38376
0.7349995,158.81474,157.10365,157.0993,161.29239
0.7399995,157.52632,155.70383,155.72777,160.11308
0.74499947,156.2464,154.40826,154.46075,158.94176
0.74999946,154.97522,153.12155,153.20285,157.77864
0.75499946,153.71306,151.84396,151.9543,156.62396
0.75999945,152.46017,150.4876,150.62721,155.38982
0.76499945,151.21675,149.22902,149.39815,154.1646
0.76999944,149.98312,147.98035,148.1792,152.94855
0.77499944,148.75948,146.74182,146.97063,151.74191
0.77999943,147.5461,145.5137,145.77266,150.54494
0.78499943,146.3432,144.19891,144.4882,149.26053
0.7899994,145.15103,142.99234,143.31218,147.98627
0.7949994,143.96982,141.79692,142.14749,146.72241
0.7999994,142.79982,140.61292,140.99437,145.46921
0.8049994,141.64128,139.44055,139.85306,144.22691
0.8099994,140.49438,138.28006,138.72377,142.99577
0.8149994,139.3594,137.13168,137.60674,141.77603
0.8199994,138.23654,135.99565,136.50218,140.56793
0.8249994,137.12605,134.8722,135.41032,139.37172
0.8299994,136.02812,133.76154,134.33139,138.18764
0.8349994,134.94296,132.6639,133.2656,137.01591
0.8399994,133.87088,131.5795,132.21313,135.8568
0.8449994,132.81198,130.50858,131.17424,134.71051
0.84999937,131.76651,129.45134,130.14911,133.57729
0.85499936,130.7347,128.408,129.13794,132.45735
0.85999936,129.71675,127.47741,128.23958,131.44955
0.86499935,128.71283,126.462494,127.25694,130.45547
0.86999935,127.72319,125.46209,126.28886,129.47531
0.87499934,126.74801,124.47639,125.33551,128.50925
0.87999934,125.78745,123.59326,124.484764,127.64515
0.88499933,124.84176,122.63757,123.561455,126.795525
0.88999933,123.91109,121.69717,122.65343,125.96054
0.8949993,122.99564,120.77223,121.76087,125.140366
0.8999993,122.0956,119.86296,120.883965,124.33516
0.9049993,121.21112,118.969536,120.02288,123.54509
0.9099993,120.342415,118.09213,119.177795,122.77031
0.9149993,119.48964,117.23094,118.34887,122.01098
0.9199993,118.652954,116.38613,117.53628,121.26724
0.9249993,117.83254,115.55788,116.74017,120.53925
0.9299993,117.02857,114.74634,115.960724,119.827156
0.9349993,116.24119,113.95169,115.19808,119.131096
0.9399993,115.47056,113.174095,114.4524,118.45121
0.9449993,114.71683,112.3416,113.65172,117.71552
0.9499993,113.98016,111.59858,112.940414,116.99629
0.95499927,113.260704,110.87309,112.24653,116.29366
0.95999926,112.55857,110.16528,111.57019,115.60777
0.96499926,111.873955,109.475296,110.91154,114.93876
0.96999925,111.20695,108.76882,110.236244,114.252304
0.97499925,110.5577,108.11491,109.613365,113.583
0.97999924,109.926346,107.474106,109.003426,112.92584
0.98499924,109.313,106.85682,108.41682,112.2861
0.98999923,108.71779,106.25803,107.848526,111.6639
0.99499923,108.14085,105.67788,107.29867,111.05937
0.9999992,107.58227,105.11647,106.76735,110.47263
1.0049993,107.04217,104.51698,106.19773,109.846855
1.0099993,106.52066,103.993416,105.70382,109.239105
1.0149993,106.017845,103.488945,105.22877,108.649506
1.0199993,105.53384,103.00368,104.77267,108.07818
1.0249993,105.06872,102.554375,104.35228,107.5419
1.0299993,104.62259,102.10781,103.93436,107.02412
1.0349993,104.19552,101.68073,103.535645,106.524925
1.0399992,103.78762,101.27323,103.15623,106.044426
1.0449992,103.39897,100.8854,102.79618,105.58272
1.0499992,103.029625,100.51731,102.455574,105.13989
1.0549992,102.67969,100.169044,102.134476,104.71604
1.0599992,102.34921,99.840675,101.83295,104.31125
1.0649992,102.03826,99.53227,101.551056,103.92559
1.0699992,101.7469,99.2439,101.28886,103.55915
1.0749992,101.4752,99.03599,101.106766,103.27237
1.0799992,101.2232,98.78786,100.88409,103.00494
1.0849992,100.990944,98.55992,100.68123,102.756905
1.0899992,100.778496,98.35223,100.49824,102.52832
1.0949992,100.58589,98.164825,100.335144,102.31923
1.0999992,100.41318,97.99775,100.191986,102.12968
1.1049992,100.26038,97.85104,100.06879,101.9597
1.1099992,100.12752,97.72474,99.965576,101.80933
1.1149992,100.01464,97.6822,99.94571,101.74194
1.1199992,99.92175,97.60621,99.891945,101.703636
1.1249992,99.848885,97.54125,99.84877,101.68499
1.1299992,99.79605,97.49677,99.82563,101.686005
1.1349992,99.763245,97.42396,99.7737,101.65785
1.1399992,99.750496,97.42047,99.790634,101.64937
1.1449991,99.7578,97.4375,99.827614,101.66055
1.1499991,99.78514,97.475044,99.88463,101.69141
1.1549991,99.83253,97.533104,99.96166,101.74192
1.1599991,99.89995,97.611664,100.05871,101.81209
1.1649991,99.9874,97.71072,100.17574,101.90189
1.1699991,100.09483,97.830246,100.31274,102.01132
1.1749991,100.22226,97.97024,100.46967,102.14035
1.1799991,100.36964,98.13066,100.646515,102.28895
1.1849991,100.53694,98.31149,100.84322,102.457085
1.1899991,100.724144,98.512695,101.05977,102.64473
1.1949991,100.9312,98.73424,101.2961,102.851845
1.1999991,101.15806,98.976074,101.55217,103.07839
1.2049991,101.404686,99.19137,101.78113,103.27753
1.2099991,101.67104,99.47366,102.07653,103.49601
1.2149991,101.95706,99.77612,102.39152,103.733795
1.2199991,102.26269,100.09869,102.72603,103.99084
1.2249991,102.58786,100.44129,103.079994,104.26708
1.2299991,102.93251,100.80388,103.45335,104.56248
1.2349991,103.296585,101.18638,103.84601,104.87696
1.239999,103.67999,101.588715,104.2579,105.21047
1.244999,104.082664,102.01082,104.688934,105.56294
1.249999,104.50452,102.45261,105.13904,105.9343
1.254999,104.94547,102.91399,105.60811,106.32448
1.259999,105.40544,103.394875,106.09606,106.73339
1.264999,105.88432,103.89519,106.60279,107.16096
1.269999,106.38203,104.41482,107.128204,107.60709
1.274999,106.89846,104.95367,107.67219,108.07171
1.279999,107.4335,105.511635,108.23464,108.55471
1.284999,107.98707,106.088615,108.815445,109.056
1.289999,108.55903,106.684494,109.41449,109.57548
1.294999,109.14928,107.29915,110.03165,110.11304
1.299999,109.757706,107.93247,110.6668,110.66857
1.304999,110.38417,108.584335,111.31982,111.241974
1.309999,111.02856,109.25461,111.99057,111.83313
1.314999,111.69075,109.94317,112.678925,112.44192
1.319999,112.370605,110.64987,113.38474,113.068214
1.324999,113.06797,111.37459,114.10789,113.7119
1.329999,113.78274,112.11717,114.848206,114.37284
1.334999,114.51473,112.87749,115.60556,115.05091
1.339999,115.26384,113.65538,116.37979,115.74597
1.344999,116.02989,114.45069,117.170746,116.457886
1.349999,116.81272,115.263275,117.978264,117.18651
1.354999,117.61221,116.092964,118.80219,117.931694
1.359999,118.42816,116.939606,119.64236,118.69329
1.3649989,119.26042,117.73579,120.43136,119.40391
1.3699989,120.10884,118.61582,121.303505,120.130646
1.3749989,120.973236,119.51231,122.19139,120.87336
1.3799989,121.85343,120.42507,123.09484,121.6319
1.3849989,122.749275,121.353935,124.01367,122.406105
1.3899989,123.66054,122.29871,124.9477,123.19583
1.3949989,124.587074,123.25922,125.89674,124.000916
1.3999989,125.528725,124.23526,126.8606,124.8212
1.4049989,126.485245,125.226654,127.83909,125.65652
1.4099989,127.456474,126.2332,128.83202,126.50671
1.4149989,128.4422,127.303795,129.88826,127.42069
1.4199989,129.44225,128.33461,130.904,128.34377
1.4249989,130.45638,129.3854,131.939,129.28117
1.4299989,131.48445,130.45053,132.98761,130.23273
1.4349989,132.52625,131.52979,134.04962,131.19823
1.4399989,133.5815,132.62294,135.12482,132.17749
1.4449989,134.65004,133.7298,136.213,133.17032
1.4499989,135.73164,134.85013,137.31393,134.17651
1.4549989,136.82611,135.9837,138.4274,135.19588
1.4599988,137.93323,137.13031,139.55318,136.2282
1.4649988,139.05273,138.28973,140.69106,137.27327
1.4699988,140.18445,139.46173,141.84079,138.33089
1.4749988,141.32811,140.58267,142.93877,139.33745
1.4799988,142.4835,141.77911,144.11154,140.35614
1.4849988,143.6504,142.98744,145.2955,141.38676
1.4899988,144.82861,144.20741,146.4904,142.42911
1.4949988,146.0178,145.43878,147.696,143.48297
1.4999988,147.2178,146.6813,148.91206,144.54814
1.5049988,148.42838,147.93475,150.13834,145.6244
1.5099988,149.64923,149.15637,151.3321,146.66907
1.5149988,150.88022,150.4309,152.5781,147.7244
1.5199988,152.12097,151.71558,153.83356,148.79018
1.5249988,153.37132,153.01018,155.09827,149.8662
1.5299988,154.63098,154.31444,156.37195,150.95224
1.5349988,155.8997,155.6281,157.65436,152.0481
1.5399988,157.17728,156.9509,158.94524,153.15355
1.5449988,158.46342,158.36679,160.32855,154.3526
1.5499988,159.75786,159.70706,161.63557,155.56078
1.5549988,161.06035,161.05566,162.95027,156.77783
1.5599988,162.3706,162.41232,164.27238,158.00354
1.5649987,163.68839,163.77678,165.60164,159.23764
1.5699987,165.01349,165.14874,166.93777,160.47989
1.5749987,166.34554,166.52795,168.28052,161.73004
1.5799987,167.68431,167.91414,169.62961,162.98785
1.5849987,169.02957,169.30702,170.98477,164.25307
1.5899987,170.381,170.70631,172.34573,165.52544
1.5949987,171.73836,172.11174,173.71223,166.8047
1.5999987,173.10141,173.52303,175.08398,168.0906
1.6049987,174.46982,174.9399,176.46072,169.38289
1.6099987,175.8433,176.36206,177.84216,170.68129
1.6149987,177.22163,177.78923,179.22804,171.98555
1.6199987,178.60452,179.22113,180.61807,173.29541
1.6249987,179.99168,180.65747,182.01198,174.61061
1.6299987,181.38289,182.09798,183.40948,175.9309
1.6349987,182.77779,183.54234,184.8103,177.25598
1.6399987,184.17612,184.9903,186.21416,178.58562
1.6449987,185.5776,186.44154,187.62077,179.91954
1.6499987,186.982,187.89578,189.02986,181.25748
1.6549987,188.38904,189.35274,190.44115,182.59917
1.6599987,189.79834,190.81212,191.85434,183.94434
1.6649987,191.20969,192.27362,193.26917,185.29271
1.6699986,192.62279,193.73697,194.68533,186.64403
1.6749986,194.03737,195.20186,196.10257,187.99802
1.6799986,195.45314,196.668,197.52058,189.3544
1.6849986,196.86987,198.1351,198.9391,190.71292
1.6899986,198.28719,199.67218,200.42714,192.14261
1.6949986,199.70483,201.14032,201.84578,193.57387
1.6999986,201.12256,202.60852,203.26405,195.00641
1.7049986,202.54002,204.07649,204.68167,196.43994
1.7099986,203.95706,205.54395,206.09836,197.87419
1.7149986,205.37325,207.01059,207.51382,199.30887
1.7199986,206.78836,208.47612,208.92778,200.74368
1.7249986,208.20212,209.94025,210.33995,202.17834
1.7299986,209.61423,211.40268,211.75006,203.61256
1.7349986,211.02443,212.86313,213.15782,205.04607
1.7399986,212.43246,214.32129,214.56294,206.47856
1.7449986,213.83797,215.77689,215.96515,207.90976
1.7499986,215.24069,217.16481,217.29936,209.27457
1.7549986,216.64037,218.61438,218.69492,210.63751
1.7599986,218.03673,220.06052,220.08673,211.99834
1.7649986,219.42949,221.50293,221.47453,213.35677
1.7699986,220.81839,223.01753,222.93423,214.78873
1.7749985,222.2031,224.45164,224.31316,216.21773
1.7799985,223.58336,225.88115,225.68721,217.64348
1.7849985,224.9589,227.30576,227.05614,219.0657
1.7899985,226.32944,228.72519,228.41965,220.48412
1.7949985,227.69478,230.13916,229.77747,221.89844
1.7999985,229.05453,231.5474,231.12933,223.30838
1.8049985,230.40846,232.9496,232.47498,224.71365
1.8099985,231.7563,234.34549,233.81412,226.11398
1.8149985,233.09781,235.73479,235.1465,227.5091
1.8199985,234.4327,237.11722,236.47186,228.8987
1.8249985,235.76074,238.49251,237.78992,230.28252
1.8299985,237.08159,239.86037,239.10042,231.66028
1.8349985,238.39502,241.22054,240.4031,233.03171
1.8399985,239.70078,242.57272,241.69771,234.39653
1.8449985,240.99857,243.91667,242.98398,235.75447
1.8499985,242.28824,245.2521,244.26164,237.10526
1.8549985,243.5694,246.6201,245.57181,238.48997
1.8599985,244.84183,247.9377,246.83151,239.867
1.8649985,246.1053,249.24597,248.08185,241.23605
1.8699985,247.35954,250.54466,249.32257,242.59686
1.8749985,248.60434,251.8335,250.55342,243.94916
1.8799984,249.83942,253.11223,251.77417,245.29266
1.8849984,251.06451,254.38058,252.98456,246.6271
1.8899984,252.2794,255.63832,254.18434,247.95222
1.8949984,253.48384,256.8852,255.37329,249.26775
1.8999984,254.67755,258.05066,256.4809,250.50313
1.9049984,255.86038,259.27502,257.6475,251.72841
1.9099984,257.032,260.441,258.7558,252.89659
1.9149984,258.1922,261.6419,259.8991,254.0542
1.9199984,259.34082,262.83072,261.03043,255.201
1.9249984,260.47748,264.0072,262.14954,256.33676
1.9299984,261.6021,265.1711,263.25623,257.46127
1.9349984,262.71445,266.32224,264.35025,258.57428
1.9399984,263.81418,267.46033,265.43143,259.67557
1.9449984,264.90118,268.58514,266.4995,260.76492
1.9499984,265.97516,269.69647,267.5543,261.84213
1.9549984,267.036,270.79407,268.59555,262.90698
1.9599984,268.0834,271.7844,269.52975,263.8659
1.9649984,269.11722,272.78583,270.4753,264.74396
1.9699984,270.13718,273.84097,271.47485,265.60907
1.9749984,271.14313,274.88156,272.4601,266.46106
1.9799984,272.13483,275.90738,273.43088,267.29974
1.9849983,273.11212,276.9182,274.38696,268.12497
1.9899983,274.07483,277.91388,275.32816,268.93658
1.9949983,275.02267,278.89417,276.25427,269.7344
1.9999983,275.9555,279.85886,277.16516,270.51828
2.0049984,276.87314,280.80777,278.0606,271.28806
2.0099986,277.77548,281.74072,278.94043,272.04358
2.0149987,278.66223,282.6575,279.80447,272.7847
2.0199988,279.53326,283.55795,280.65256,273.51126
2.024999,280.38834,284.44186,281.48453,274.2231
2.029999,281.2274,285.30905,282.3002,274.92014
2.0349991,282.05014,286.15936,283.0994,275.60217
2.0399992,282.8565,286.9926,283.882,276.2691
2.0449994,283.64633,287.80862,284.6478,276.92078
2.0499995,284.4194,288.60724,285.39667,277.55707
2.0549996,285.17557,289.3883,286.12845,278.17786
2.0599997,285.91473,290.15164,286.84302,278.78302
2.0649998,286.63672,290.8971,287.54022,279.37244
2.07,287.34134,291.6245,288.2199,279.94598
2.075,288.02856,292.33377,288.88196,280.50354
2.0800002,288.6981,293.0247,289.5262,281.04498
2.0850003,289.3499,293.69714,290.1526,281.57022
2.0900004,289.9839,294.35098,290.76093,282.07913
2.0950005,290.59982,294.98608,291.3511,282.57162
2.1000006,291.1977,295.60233,291.923,283.0476
2.1050007,291.77728,296.19955,292.47653,283.507
2.1100008,292.3385,296.77768,293.01157,283.94968
2.115001,292.88132,297.33655,293.52798,284.37558
2.120001,293.4055,297.87607,294.0257,284.7846
2.1250012,293.911,298.39612,294.5046,285.17667
2.1300013,294.39774,298.93924,295.00726,285.59433
2.1350014,294.8656,299.42004,295.44827,285.99487
2.1400015,295.31445,299.93805,295.9272,286.43518
2.1450016,295.74426,300.37918,296.32993,286.85822
2.1500018,296.15497,300.80032,296.7134,287.2639
2.1550019,296.5464,301.2014,297.07755,287.6521
2.160002,296.91852,301.5823,297.42227,288.0228
2.165002,297.27124,301.93973,297.74426,288.37265
2.1700022,297.60455,302.2801,298.04996,288.70483
2.1750023,297.91833,302.60007,298.33603,289.0193
2.1800025,298.2125,302.89957,298.60245,289.31595
2.1850026,298.48703,303.17856,298.84912,289.59476
2.1900027,298.74188,303.43695,299.07605,289.85565
2.1950028,298.97693,303.6949,299.3033,290.11874
2.200003,299.19223,303.91196,299.49057,290.3638
2.205003,299.38773,304.01584,299.56546,290.49832
2.2100031,299.5633,304.1914,299.7129,290.61475
2.2150033,299.71893,304.34616,299.8404,290.71304
2.2200034,299.85468,304.48007,299.9479,290.7932
2.2250035,299.9704,304.5931,300.03543,290.85522
2.2300036,300.06616,304.68527,300.10297,290.89908
2.2350037,300.1419,304.7565,300.15048,290.92474
2.2400038,300.19763,304.8068,300.17795,290.93222
2.245004,300.23328,304.83615,300.1854,290.9215
2.250004,300.2489,304.84454,300.1728,290.8926
2.2550042,300.24448,304.83197,300.14017,290.84552
2.2600043,300.22,304.79843,300.0875,290.78027
2.2650044,300.17548,304.74393,300.0148,290.69687
2.2700045,300.11093,304.66846,299.92212,290.59534
2.2750046,300.02634,304.57202,299.80945,290.47568
2.2800047,299.92175,304.45465,299.67682,290.33792
2.2850049,299.7972,304.31638,299.52426,290.1821
2.290005,299.65265,304.15723,299.3518,290.00824
2.295005,299.4882,303.9772,299.15945,289.81638
2.3000052,299.30383,303.7896,298.96057,289.6198
2.3050053,299.09964,303.56796,298.7286,289.40533
2.3100054,298.87558,303.32556,298.4769,289.17297
2.3150055,298.63174,303.06244,298.2055,288.9228
2.3200057,298.3682,302.77866,297.91446,288.65482
2.3250058,298.08502,302.47424,297.60382,288.3691
2.330006,297.78214,302.1493,297.27368,288.06573
2.335006,297.45978,301.80383,296.92407,287.74475
2.340006,297.11786,301.43796,296.55508,287.40622
2.3450062,296.75656,301.05173,296.16678,287.0502
2.3500063,296.37592,300.6452,295.75925,286.6768
2.3550065,295.97598,300.21848,295.33255,286.28604
2.3600066,295.55682,299.7716,294.8868,285.87805
2.3650067,295.1186,299.3047,294.4221,285.45288
2.3700068,294.66132,298.8178,293.93848,285.01062
2.375007,294.18512,298.3111,293.43607,284.55136
2.380007,293.69006,297.7846,292.91498,284.0752
2.3850071,293.17633,297.23846,292.3753,283.5822
2.3900073,292.6439,296.67276,291.81717,283.0725
2.3950074,292.09293,296.08762,291.24066,282.5462
2.4000075,291.5236,295.48312,290.6459,282.0034
2.4050076,290.9359,294.8594,290.03302,281.44418
2.4100077,290.33005,294.21658,289.40213,280.86868
2.4150078,289.70615,293.5548,288.75336,280.277
2.420008,289.06427,292.87418,288.08682,279.66928
2.425008,288.40457,292.17484,287.40268,279.04562
2.4300082,287.72723,291.45694,286.70105,278.40616
2.4350083,287.03232,290.78497,286.04648,277.8154
2.4400084,286.32,290.03033,285.3103,277.20908
2.4450085,285.59045,289.25754,284.55707,276.5873
2.4500086,284.84375,288.46674,283.78693,275.95023
2.4550087,284.08008,287.65808,283.00003,275.29794
2.4600089,283.2996,286.83173,282.19653,274.6306
2.465009,282.50244,285.98785,281.3766,273.94836
2.470009,281.68878,285.12662,280.54037,273.2513
2.4750092,280.85886,284.24817,279.68805,272.5396
2.4800093,280.0127,283.3527,278.8198,271.81342
2.4850094,279.15054,282.36133,277.85672,270.9938
2.4900095,278.27255,281.43234,276.95712,270.16
2.4950097,277.3789,280.48688,276.04214,269.31216
2.5000098,276.4698,279.52515,275.11194,268.45047
2.50501,275.54538,278.5473,274.16672,267.57507
2.51001,274.60587,277.55356,273.20667,266.68616
2.51501,273.6514,276.5441,272.23196,265.7839
2.5200102,272.68228,275.51913,271.24283,264.8685
2.5250103,271.69855,274.47885,270.23944,263.94012
2.5300105,270.70047,273.42346,269.22202,262.99896
2.5350106,269.6883,272.35318,268.19073,262.0452
2.5400107,268.66214,271.26822,267.1458,261.079
2.5450108,267.6223,270.1688,266.08746,260.10062
2.550011,266.5689,269.0551,265.0159,259.1102
2.555011,265.5022,267.9274,263.93134,258.10797
2.5600111,264.42242,266.78586,262.83398,257.09412
2.5650113,263.32974,265.63074,261.72406,256.06885
2.5700114,262.22437,264.39288,260.53238,254.96297
2.5750115,261.1066,263.21127,259.398,253.8461
2.5800116,259.97656,262.01678,258.25174,252.71846
2.5850117,258.83456,260.80966,257.09384,251.58028
2.5900118,257.68076,259.59015,255.92451,250.43178
2.595012,256.51544,258.35846,254.744,249.2732
2.600012,255.3388,257.11487,253.55255,248.10475
2.6050122,254.15115,255.85959,252.35039,246.92668
2.6100123,252.95262,254.5929,251.13774,245.73923
2.6150124,251.74352,253.31503,249.91487,244.54262
2.6200125,250.52405,252.02625,248.68202,243.3371
2.6250126,249.29448,250.72679,247.43944,242.12291
2.6300128,248.05505,249.41693,246.18736,240.9003
2.6350129,246.806,248.09694,244.92606,239.66951
2.640013,245.5476,246.76706,243.65576,238.43079
2.645013,244.28009,245.42755,242.37674,237.18437
2.6500132,243.00375,244.07869,241.08923,235.93053
2.6550133,241.7188,242.72075,239.79352,234.6695
2.6600134,240.42548,241.35399,238.48984,233.40154
2.6650136,239.12408,239.97868,237.17847,232.12689
2.6700137,237.81485,238.59511,235.85965,230.84583
2.6750138,236.49806,237.20354,234.53366,229.5586
2.680014,235.17398,235.80424,233.20078,228.26546
2.685014,233.84285,234.39752,231.86124,226.96667
2.6900141,232.50496,232.98363,230.51534,225.6625
2.6950142,231.16061,231.56287,229.16333,224.35321
2.7000144,229.80998,230.1355,227.8055,223.03905
2.7050145,228.45341,228.70183,226.4421,221.72028
2.7100146,227.09113,227.26213,225.07341,220.39716
2.7150147,225.72343,225.81668,223.6997,219.06996
2.7200148,224.35059,224.37657,222.33205,217.74974
2.725015,222.97289,222.92052,220.94914,216.42596
2.730015,221.59058,221.42964,219.5321,215.06897
2.7350152,220.20395,219.96413,218.1411,213.70895
2.7400153,218.81334,218.49432,216.74646,212.34619
2.7450154,217.4189,217.02052,215.34848,210.98096
2.7500155,216.021,215.54303,213.94743,209.61353
2.7550156,214.61987,214.06213,212.5436,208.24417
2.7600157,213.21584,212.57812,211.13724,206.87317
2.7650158,211.80914,211.09131,209.72865,205.5008
2.770016,210.4001,209.60197,208.31813,204.12732
2.775016,208.98898,208.11041,206.90594,202.75302
2.7800162,207.57611,206.61694,205.49237,201.37817
2.7850163,206.16165,205.12184,204.0777,200.00305
2.7900164,204.74599,203.62541,202.66222,198.62793
2.7950165,203.32938,202.05902,201.17726,197.18414
2.8000166,201.9121,200.56085,199.76102,195.74092
2.8050168,200.49442,199.06227,198.34482,194.29855
2.8100169,199.07666,197.56357,196.92894,192.85733
2.815017,197.65907,196.06506,195.51369,191.41754
2.820017,196.24196,194.56705,194.09932,189.97946
2.8250172,194.82564,193.06981,192.68614,188.54338
2.8300173,193.41031,191.57367,191.27443,187.10959
2.8350174,191.99629,190.0789,189.86446,185.67838
2.8400176,190.58385,188.58583,188.45651,184.25003
2.8450177,189.17337,187.09474,187.05087,182.82483
2.8500178,187.76506,185.60593,185.64783,181.40306
2.855018,186.35909,184.1197,184.24765,179.98502
2.860018,184.95596,182.63635,182.85062,178.57097
2.8650181,183.55573,181.15617,181.45702,177.16121
2.8700182,182.15889,179.67947,180.06712,175.75601
2.8750184,180.76553,178.20654,178.68121,174.35567
2.8800185,179.3761,176.73767,177.29958,172.96045
2.8850186,177.9907,175.27316,175.92247,171.57063
2.8900187,176.60982,173.81331,174.55019,170.18651
2.8950188,175.23358,172.3584,173.183,168.80835
2.900019,173.86223,170.90872,171.82117,167.43643
2.905019,172.49619,169.46458,170.46497,166.07103
2.9100192,171.13556,168.02626,169.11469,164.71242
2.9150193,169.78079,166.59404,167.77057,163.36087
2.9200194,168.43198,165.16821,166.4329,162.01665
2.9250195,167.08957,163.74907,165.10196,160.68002
2.9300196,165.75365,162.3369,163.77798,159.35126
2.9350197,164.42467,160.93198,162.46126,158.03062
2.9400198,163.10281,159.53458,161.15204,156.71838
2.94502,161.78824,158.16473,159.87033,155.43454
2.95002,160.4814,156.78325,158.5769,154.1596
2.9550202,159.18237,155.41013,157.29176,152.89384
2.9600203,157.8916,154.04565,156.01517,151.6375
2.9650204,156.60916,152.60449,154.66176,150.30522
2.9700205,155.33548,151.25812,153.40303,148.98288
2.9750206,154.07066,149.92123,152.15363,147.67075
2.9800208,152.81511,148.59409,150.91379,146.36908
2.9850209,151.569,147.27696,149.68376,145.07814
2.990021,150.33247,145.99803,148.49171,143.8261
2.995021,149.10597,144.78278,147.3631,142.66632
3.0000212,147.88959,143.41866,146.08534,141.43938
3.0050213,146.68369,142.1442,144.89699,140.22415
3.0100214,145.48836,140.88106,143.71965,139.02087
3.0150216,144.30403,139.62949,142.55357,137.82979
3.0200217,143.13077,138.38974,141.39899,136.65114
3.0250218,141.96895,137.16206,140.25612,135.48515
3.030022,140.81873,135.94672,139.1252,134.33208
3.035022,139.68027,134.76883,138.03134,133.21703
3.0400221,138.55397,133.57886,136.92499,132.11533
3.0450222,137.43988,132.40193,135.83125,131.0272
3.0500224,136.33836,131.2383,134.75035,129.95288
3.0550225,135.2495,130.08818,133.6825,128.89256
3.0600226,134.17369,128.95181,132.62791,127.846466
3.0650227,133.11095,127.82943,131.5868,126.8148
3.0700228,132.06166,126.72125,130.55937,125.79777
3.075023,131.02596,125.62751,129.54584,124.79558
3.080023,130.004,124.54842,128.54639,123.808426
3.0850232,128.9961,123.484215,127.561226,122.83651
3.0900233,128.00232,122.4351,126.59055,121.88003
3.0950234,127.02301,121.401276,125.63457,120.93917
3.1000235,126.05824,120.38297,124.69345,120.01413
3.1050236,125.10832,119.38039,123.767395,119.10509
3.1100237,124.17338,118.39372,122.85659,118.21223
3.1150239,123.25355,117.42319,121.96121,117.335724
3.120024,122.349106,116.46897,121.08144,116.47575
3.125024,121.46016,115.53127,120.21745,115.63249
3.1300242,120.58696,114.610275,119.36942,114.80611
3.1350243,119.7296,113.70618,118.53752,113.99676
3.1400244,118.88835,112.81915,117.72191,113.20461
3.1450245,118.06327,111.94939,116.92275,112.429825
3.1500247,117.25462,111.09706,116.14021,111.672554
3.1550248,116.462524,110.262344,115.37444,110.932945
3.160025,115.68709,109.445404,114.625595,110.21115
3.165025,114.928566,108.646416,113.89382,109.50732
3.170025,114.187004,107.86554,113.179276,108.82158
3.1750252,113.46267,107.10293,112.48209,108.154076
3.1800253,112.75558,106.35875,111.802414,107.504944
3.1850255,112.06598,105.63315,111.14037,106.87431
3.1900256,111.393936,104.92628,110.4961,106.26231
3.1950257,110.739655,104.23827,109.869736,105.669044
3.2000258,110.103226,103.52017,109.21227,105.04553
3.205026,109.48473,102.87034,108.622086,104.44101
3.210026,108.884384,102.2398,108.05018,103.8556
3.2150261,108.302216,101.628685,107.49666,103.28941
3.2200263,107.738434,101.01059,106.935104,102.716034
3.2250264,107.19306,100.38476,106.36475,102.10816
3.2300265,106.6663,99.83267,105.86707,101.51987
3.2350266,106.15816,99.30051,105.38822,100.95127
3.2400267,105.66882,98.788376,104.92829,100.40249
3.2450268,105.19836,98.29639,104.48737,99.87363
3.250027,104.74681,97.82464,104.06556,99.36479
3.255027,104.314354,97.37323,103.66293,98.87608
3.2600272,103.901,96.94226,103.27957,98.4076
3.2650273,103.5069,96.531815,102.91556,97.959435
3.2700274,103.132065,96.141975,102.57096,97.53168
3.2750275,102.77664,95.772835,102.24585,97.12441
3.2800276,102.44063,95.42446,101.94029,96.737724
3.2850277,102.12416,95.09694,101.65434,96.37169
3.2900279,101.82726,94.79033,101.38806,96.02638
3.295028,101.54997,94.5047,101.1415,95.70187
3.300028,101.292404,94.24011,100.91472,95.398224
3.3050282,101.05456,93.99663,100.70775,95.11549
3.3100283,100.83651,93.77429,100.52064,94.85374
3.3150284,100.63829,93.57316,100.353424,94.61301
3.3200285,100.459946,93.393265,100.20614,94.39336
3.3250287,100.301506,93.23466,100.07881,94.194824
3.3300288,100.16302,93.097374,99.971466,94.017456
3.335029,100.044495,92.981445,99.88413,93.86128
3.340029,99.945946,92.886894,99.81682,93.72633
3.345029,99.86744,92.81375,99.76954,93.61264
3.3500292,99.80894,92.762024,99.74231,93.520226
3.3550293,99.77048,92.80352,99.806915,93.52089
3.3600295,99.75207,92.79468,99.81978,93.54285
3.3650296,99.75371,92.80728,99.85268,93.5861
3.3700297,99.7754,92.841324,99.9056,93.650635
3.3750298,99.81712,92.896805,99.978546,93.73644
3.38003,99.8789,92.97372,100.071495,93.843506
3.38503,99.9607,93.07205,100.18443,93.9718
3.3900301,100.06249,93.19179,100.31733,94.1213
3.3950303,100.184296,93.33291,100.47016,94.29198
3.4000304,100.32605,93.49539,100.6429,94.483795
3.4050305,100.48775,93.67921,100.83551,94.69672
3.4100306,100.669334,93.88432,101.04795,94.930695
3.4150307,100.87081,94.11071,101.28018,95.185684
3.4200308,101.09209,94.358315,101.53216,95.46164
3.425031,101.333145,94.6271,101.80383,95.7585
3.430031,101.59396,94.91701,102.095146,96.07621
3.4350312,101.87444,95.228,102.40604,96.4147
3.4400313,102.17456,95.56,102.73645,96.77391
3.4450314,102.49423,95.91296,103.08631,97.15376
3.4500315,102.83342,96.286804,103.45556,97.554184
3.4550316,103.192024,96.681465,103.84412,97.9751
3.4600317,103.57001,97.09687,104.2519,98.41642
3.4650319,103.96726,97.53294,104.67883,98.87806
3.470032,104.38372,97.98959,105.12483,99.359924
3.475032,104.81932,98.466736,105.589806,99.861916
3.4800322,105.27394,98.96428,106.07366,100.383934
3.4850323,105.74753,99.48213,106.5763,100.92587
3.4900324,106.23995,100.119484,107.196915,101.586914
3.4950325,106.75114,100.67765,107.7368,102.26764
3.5000327,107.28096,101.25579,108.29514,102.96791
3.5050328,107.829315,101.8538,108.871826,103.68759
3.510033,108.39614,102.47155,109.466736,104.42654
3.515033,108.981255,103.01089,109.981705,105.08655
3.5200331,109.5846,103.66778,110.612724,105.76554
3.5250332,110.20601,104.34406,111.26162,106.46338
3.5300333,110.84541,105.03961,111.92826,107.179924
3.5350335,111.5026,105.754295,112.61252,107.91503
3.5400336,112.17753,106.48797,113.314255,108.66856
3.5450337,112.86998,107.24049,114.033325,109.440346
3.5500338,113.57986,107.97745,114.73532,110.19598
3.555034,114.30707,108.76723,115.48864,110.96957
3.560034,115.05137,109.57541,116.25886,111.76096
3.5650342,115.812706,110.40184,117.04583,112.57001
3.5700343,116.59084,111.24635,117.84939,113.39654
3.5750344,117.385704,112.19982,118.760414,114.33142
3.5800345,118.19704,113.12028,119.63692,115.32371
3.5850346,119.02478,114.01802,120.48923,116.33293
3.5900347,119.868675,114.93314,121.35744,117.35889
3.5950348,120.72859,115.86546,122.24138,118.40137
3.600035,121.604416,116.8148,123.14087,119.46017
3.605035,122.495865,117.78095,124.05573,120.53507
3.6100352,123.40287,118.76375,124.98579,121.62587
3.6150353,124.32514,119.762985,125.93084,122.732346
3.6200354,125.26261,120.77847,126.89071,123.85428
3.6250355,126.21496,121.810005,127.865204,124.99144
3.6300356,127.18212,122.85738,128.85413,126.1436
3.6350358,128.1638,123.9204,129.85727,127.31053
3.6400359,129.15985,124.99885,130.87445,128.492
3.645036,130.1701,126.09251,131.90546,129.68777
3.650036,131.19427,127.201164,132.95007,130.89761
3.6550362,132.23228,128.3246,134.0081,132.12128
3.6600363,133.28377,129.51671,135.13344,133.41263
3.6650364,134.34868,130.66905,136.21764,134.7173
3.6700366,135.42664,131.91064,137.38976,136.1102
3.6750367,136.51758,133.09094,138.49924,137.51587
3.6800368,137.62115,134.28487,139.62102,138.93404
3.685037,138.7372,135.49217,140.75487,140.36441
3.690037,139.86557,136.71262,141.90057,141.80672
3.6950371,141.0059,137.94595,143.05789,143.26067
3.7000372,142.1581,139.19196,144.22661,144.72597
3.7050374,143.32181,140.45036,145.40648,146.20232
3.7100375,144.49692,141.72093,146.59726,147.68942
3.7150376,145.68304,143.00342,147.79872,149.187
3.7200377,146.88011,144.29756,149.01064,150.69473
3.7250378,148.08772,145.6031,150.23274,152.21233
3.730038,149.30573,146.91978,151.4648,153.73947
3.735038,150.53395,148.24734,152.70656,155.27586
3.7400382,151.77199,149.58553,153.95778,156.8212
3.7450383,153.01974,150.93405,155.21822,158.37517
3.7500384,154.27681,152.29266,156.48761,159.93747
3.7550385,155.54312,153.66109,157.7657,161.50778
3.7600386,156.81824,155.03905,159.05225,163.0858
3.7650387,158.10207,156.42628,160.34697,164.6712
3.7700388,159.39418,157.82251,161.64963,166.26367
3.775039,160.69444,159.22745,162.95996,167.86288
3.780039,162.00264,160.71523,164.3521,169.54292
3.7850392,163.31834,162.07881,165.61902,171.17111
3.7900393,164.64146,163.5082,166.95076,172.80507
3.7950394,165.97159,164.94516,168.28911,174.44446
3.8000395,167.30861,166.42682,169.6712,176.12636
3.8050396,168.65205,167.88104,171.0249,177.81598
3.8100398,170.00186,169.33904,172.38145,179.51004
3.8150399,171.3576,170.77106,173.71114,181.17581
3.82004,172.71906,172.24161,175.07848,182.84535
3.82504,174.08606,173.718,176.45079,184.51833
3.8300402,175.45816,175.19995,177.82782,186.1944
3.8350403,176.83527,176.68715,179.20929,187.87323
3.8400404,178.2169,178.1793,180.59491,189.55449
3.8450406,179.60298,179.67613,181.98442,191.23784
3.8500407,180.99306,181.17732,183.37753,192.92294
3.8550408,182.38702,182.68257,184.77397,194.60947
3.860041,183.78442,184.19159,186.17345,196.29707
3.865041,185.18506,185.71419,187.5858,197.99554
3.8700411,186.58876,187.22983,188.99052,199.69441
3.8750412,187.99504,188.74832,190.39745,201.39334
3.8800414,189.40382,190.26938,191.80629,203.092
3.8850415,190.81462,191.79268,193.21678,204.79002
3.8900416,192.22737,193.31793,194.62863,206.48709
3.8950417,193.64156,194.84482,196.04155,208.18286
3.9000418,195.05713,196.37305,197.45526,209.877
3.905042,196.47359,197.90231,198.86948,211.56917
3.910042,197.89075,199.4323,200.28392,213.25902
3.9150422,199.30843,200.9627,201.6983,214.94621
3.9200423,200.72617,202.49323,203.11235,216.63042
3.9250424,202.14381,204.02354,204.52577,218.3113
3.9300425,203.56097,205.55338,205.9383,219.98851
3.9350426,204.97751,207.0824,207.34962,221.66173
3.9400427,206.39294,208.6103,208.75949,223.33061
3.9450428,207.80711,210.1368,210.1676,224.99483
3.950043,209.21982,211.62129,211.5334,226.61375
3.955043,210.63057,213.14404,212.93718,228.22736
3.9600432,212.0393,214.66446,214.33836,229.83531
3.9650433,213.44551,216.18225,215.73668,231.4373
3.9700434,214.84914,217.69711,217.13185,233.033
3.9750435,216.24971,219.24635,218.5612,234.65971
3.9800436,217.64713,220.85037,220.04517,236.37543
3.9850438,219.04091,222.36092,221.43549,238.09016
3.9900439,220.43088,223.86098,222.81522,239.79729
3.995044,221.81686,225.35657,224.19038,241.49644
4.000044,223.19838,226.84738,225.56071,243.1873
4.005044,224.57529,228.33313,226.92593,244.86952
4.010044,225.94734,229.8135,228.28577,246.54277
4.015044,227.31413,231.2837,229.63542,248.2022
4.0200443,228.67545,232.75246,230.98367,249.85197
4.0250444,230.03113,234.21495,232.32573,251.49179
4.0300446,231.38069,235.6709,233.66132,253.1213
4.0350447,232.72409,237.12,234.99017,254.7402
4.040045,234.06087,238.56197,236.31203,256.34814
4.045045,235.39088,239.9965,237.62662,257.94482
4.050045,236.71376,241.42334,238.93369,259.5299
4.055045,238.02939,242.84216,240.23297,261.1031
4.0600452,239.3373,244.25272,241.52422,262.66406
4.0650454,240.63734,245.6547,242.80714,264.2125
4.0700455,241.92935,247.04782,244.08151,265.74808
4.0750456,243.21289,248.43182,245.34706,267.2705
4.0800457,244.48788,249.86768,246.66481,268.84076
4.085046,245.75388,251.23257,247.91196,270.39725
4.090046,247.0108,252.5875,249.14952,271.93967
4.095046,248.25824,253.93217,250.37726,273.4677
4.100046,249.49612,255.27048,251.59906,274.9852
4.1050463,250.72403,256.59384,252.80641,276.4877
4.1100464,251.94177,257.90616,254.00319,277.9749
4.1150465,253.14922,259.15915,255.14117,279.39853
4.1200466,254.34595,260.44858,256.31613,280.80627
4.1250467,255.53188,261.72617,257.47983,282.19785
4.130047,256.70663,262.99167,258.63202,283.57297
4.135047,257.87015,264.2448,259.7725,284.93137
4.140047,259.02197,265.39853,260.81415,286.1859
4.145047,260.16208,266.62625,261.9305,287.42322
4.1500473,261.2901,267.84088,263.0345,288.64304
4.1550474,262.40582,269.04218,264.12585,289.84512
4.1600475,263.5092,270.22992,265.20438,291.02924
4.1650476,264.59973,271.49445,266.36047,292.28574
4.1700478,265.67746,272.65433,267.4127,293.52377
4.175048,266.74194,273.7999,268.45142,294.7431
4.180048,267.79318,274.93094,269.47647,295.94348
4.185048,268.8308,276.04724,270.4876,297.12466
4.190048,269.8547,277.14856,271.48468,298.2864
4.1950483,270.8646,278.23465,272.46744,299.4285
4.2000484,271.86026,279.30533,273.4357,300.5507
4.2050486,272.84164,280.36035,274.38928,301.65277
4.2100487,273.80838,281.3995,275.32797,302.73453
4.215049,274.76047,282.42258,276.25162,303.79575
4.220049,275.69748,283.42938,277.16,304.8362
4.225049,276.61945,284.4197,278.05295,305.8557
4.230049,277.52603,285.41727,278.95422,306.87796
4.2350492,278.41708,286.37402,279.81577,307.87885
4.2400494,279.2925,287.3137,280.66135,308.85815
4.2450495,280.15207,288.23608,281.4908,309.8157
4.2500496,280.9956,289.14102,282.304,310.75128
4.2550497,281.8229,290.0283,283.10068,311.6647
4.26005,282.63388,290.89774,283.88077,312.5558
4.26505,283.42828,291.74918,284.64407,313.42435
4.27005,284.20605,292.58246,285.39044,314.27023
4.27505,284.96695,293.39737,286.11972,315.09326
4.2800503,285.71085,294.1938,286.8318,315.89328
4.2850504,286.43762,294.9715,287.5265,316.6701
4.2900505,287.14706,295.73038,288.20367,317.42358
4.2950506,287.83914,296.47028,288.86322,318.15356
4.3000507,288.5136,297.191,289.505,318.85992
4.305051,289.1704,297.89246,290.12888,319.5425
4.310051,289.80933,298.57446,290.73474,320.2012
4.315051,290.43033,299.2369,291.32245,320.83585
4.320051,291.03317,299.87964,291.8919,321.44632
4.3250513,291.61786,300.5025,292.44296,322.0325
4.3300514,292.18423,301.1479,293.01804,322.63675
4.3350515,292.73215,301.73068,293.532,323.21646
4.3400517,293.26154,302.29324,294.02728,323.7715
4.345052,293.77228,302.83545,294.50375,324.30182
4.350052,294.26422,303.3572,294.9613,324.80725
4.355052,294.73734,303.94052,295.482,325.36984
4.360052,295.19153,304.42105,295.90146,325.90735
4.365052,295.62662,304.8808,296.30176,326.41968
4.3700523,296.04263,305.31964,296.6828,326.9067
4.3750525,296.43945,305.73752,297.0445,327.36835
4.3800526,296.81693,306.13434,297.38678,327.8045
4.3850527,297.17508,306.51,297.7096,328.2151
4.390053,297.51376,306.86444,298.01288,328.60004
4.395053,297.833,307.16266,298.26163,328.92435
4.400053,298.13263,307.47443,298.52563,329.22287
4.405053,298.41266,307.76474,298.76996,329.49554
4.4100533,298.67294,308.03357,298.9945,329.7423
4.4150534,298.9135,308.28085,299.19925,329.96313
4.4200535,299.13434,308.50653,299.38416,330.15796
4.4250536,299.33533,308.71054,299.5492,330.32675
4.4300537,299.51642,308.89285,299.69434,330.46948
4.435054,299.67764,309.05344,299.81952,330.58612
4.440054,299.81894,309.19223,299.92474,330.67664
4.445054,299.94022,309.3092,300.00998,330.74103
4.450054,300.04153,309.40436,300.07523,330.77927
4.4550543,300.12283,309.47763,300.12045,330.79135
4.4600544,300.1841,309.52902,300.14566,330.77728
4.4650545,300.22537,309.55853,300.15082,330.73706
4.4700546,300.24658,309.56613,300.13596,330.6707
4.4750547,300.24774,309.55182,300.10107,330.5782
4.480055,300.22882,309.5156,300.04617,330.45956
4.485055,300.18988,309.45746,299.97125,330.31485
4.490055,300.1309,309.40305,299.90198,330.1697
4.495055,300.05188,309.30112,299.78708,329.99854
4.5000553,299.95288,309.1773,299.65222,329.80136
4.5050554,299.83383,309.03165,299.49744,329.57822
4.5100555,299.6949,308.86414,299.32275,329.32916
4.5150557,299.53595,308.67484,299.1282,329.05423
4.520056,299.35712,308.4803,298.9304,328.77002
4.525056,299.15842,308.24747,298.69623,328.46005
4.530056,298.93985,307.99295,298.44232,328.1244
4.535056,298.70157,307.7168,298.16873,327.7631
4.540056,298.4435,307.41904,297.87552,327.37625
4.5450563,298.16577,307.12698,297.59,326.99118
4.5500565,297.86838,306.7862,297.2577,326.58072
4.5550566,297.5514,306.42398,296.90594,326.14493
4.5600567,297.21494,306.0404,296.5348,325.6839
4.565057,296.85904,305.63556,296.14435,325.19772
4.570057,296.48376,305.2095,295.73468,324.68652
4.575057,296.08914,304.7623,295.30585,324.1504
4.580057,295.67535,304.29407,294.85797,323.58942
4.5850573,295.2424,303.80487,294.3911,323.00372
4.5900574,294.7904,303.29483,293.90536,322.39343
4.5950575,294.31952,302.76404,293.40085,321.75867
4.6000576,293.82965,302.2126,292.87766,321.09955
4.6050577,293.3211,301.64056,292.33588,320.4162
4.610058,292.79385,301.0481,291.77563,319.70877
4.615058,292.24805,300.4353,291.19705,318.9774
4.620058,291.6838,299.8023,290.60022,318.2222
4.625058,291.10123,299.14923,289.98526,317.44336
4.6300583,290.5004,298.4762,289.3523,316.64102
4.6350584,289.8815,297.78333,288.70148,315.81537
4.6400585,289.24463,297.07074,288.03293,314.96655
4.6450586,288.58987,296.33862,287.34677,314.09476
4.6500587,287.91745,295.58707,286.64313,313.20013
4.655059,287.2274,294.81625,285.92215,312.28287
4.660059,286.51993,294.02634,285.184,311.34314
4.665059,285.7951,293.21744,284.4288,310.38113
4.670059,285.0532,292.38974,283.65674,309.39706
4.6750593,284.29425,291.62924,282.95377,308.47696
4.6800594,283.5184,290.76443,282.14838,307.53516
4.6850595,282.7259,289.8813,281.32654,306.57184
4.6900597,281.9168,288.97998,280.48843,305.58722
4.69506,281.09137,288.0607,279.63425,304.58148
4.70006,280.2497,287.12363,278.76413,303.55484
4.70506,279.39197,286.16895,277.87827,302.50748
4.71006,278.51837,285.1177,276.8977,301.36047
4.71506,277.62906,284.12836,275.9809,300.1932
4.7200603,276.72427,283.122,275.0489,299.0059
4.7250605,275.80405,282.09882,274.10187,297.79877
4.7300606,274.86874,281.059,273.14,296.57208
4.7350607,273.9184,280.00275,272.16354,295.32608
4.740061,272.95334,278.9303,271.17264,294.061
4.745061,271.97363,277.84186,270.16748,292.77713
4.750061,270.97955,276.73764,269.14832,291.4747
4.755061,269.97125,275.61783,268.1153,290.154
4.7600613,268.949,274.4827,267.06866,288.81525
4.7650614,267.91296,273.33243,266.00864,287.45874
4.7700615,266.8633,272.16727,264.9354,286.08475
4.7750616,265.8003,270.98743,263.84915,284.69354
4.7800617,264.7241,269.79315,262.75015,283.2854
4.785062,263.635,268.5847,261.6386,281.8606
4.790062,262.5331,267.36227,260.51474,280.41943
4.795062,261.4188,266.12613,259.37875,278.9622
4.800062,260.29208,264.87653,258.2309,277.48917
4.8050623,259.1534,263.64883,257.10654,276.0358
4.8100624,258.00293,262.37302,255.93561,274.56723
4.8150625,256.84076,261.08447,254.7535,273.08374
4.8200626,255.66728,259.78345,253.56042,271.58563
4.8250628,254.4826,258.4702,252.35664,270.0732
4.830063,253.28711,257.14502,251.1424,268.54678
4.835063,252.08087,255.80814,249.91792,267.00665
4.840063,250.8643,254.45982,248.68346,265.45312
4.845063,249.63747,253.10034,247.43925,263.8865
4.8500633,248.40082,251.72998,246.18558,262.3071
4.8550634,247.15446,250.349,244.92265,260.71524
4.8600636,245.89859,248.93468,243.62775,259.08823
4.8650637,244.63362,247.53328,242.34712,257.4494
4.870064,243.35966,246.12209,241.05803,255.79909
4.875064,242.07709,244.70139,239.76071,254.13762
4.880064,240.78603,243.27147,238.45544,252.46532
4.885064,239.4869,241.83261,237.14249,250.78252
4.8900642,238.17978,240.3851,235.8221,249.08955
4.8950644,236.86513,238.92921,234.49455,247.38678
4.9000645,235.54308,237.46526,233.16011,245.67453
4.9050646,234.21385,235.99352,231.81903,243.95314
4.9100647,232.87785,234.51428,230.47159,242.22296
4.915065,231.53519,233.02785,229.11806,240.48434
4.920065,230.18633,231.5345,227.7587,238.73763
4.925065,228.83131,230.02252,226.38174,236.97112
4.930065,227.47064,228.51627,225.01155,235.1972
4.9350653,226.10439,227.00401,223.63635,233.41626
4.9400654,224.73299,225.48605,222.25644,231.62863
4.9450655,223.35666,223.91109,220.82047,229.78307
4.9500656,221.97556,222.38263,219.43193,227.93155
4.9550657,220.59015,220.8494,218.0395,226.07445
4.960066,219.20053,219.29735,216.62915,224.1978
4.965066,217.80716,217.75546,215.2298,222.31631
4.970066,216.41016,216.20972,213.8274,220.43036
4.975066,215.00995,214.66042,212.42223,218.54031
4.9800663,213.60664,213.10788,211.01457,216.64656
4.9850664,212.20071,211.55241,209.60472,214.74948
4.9900665,210.79234,209.99432,208.19295,212.84946
4.9950666,209.38173,208.43391,206.77954,210.94687
5.0000668,207.96931,206.8715,205.36478,209.0421
5.005067,206.55522,205.30742,203.94893,207.13551
5.010067,205.13991,203.74196,202.5323,205.2275
5.015067,203.72348,202.17543,201.11516,203.31842
5.020067,202.3064,200.60815,199.6978,201.40869
5.0250673,200.88876,199.04045,198.2805,199.49869
5.0300674,199.47104,197.47263,196.86354,197.58879
5.0350676,198.05344,195.90498,195.4472,195.67938
5.0400677,196.63611,194.33784,194.03178,193.77084
5.045068,195.21956,192.77153,192.61755,191.86356
5.050068,193.80386,191.1915,191.18996,189.94305
5.055068,192.38951,189.62776,189.77898,188.02457
5.060068,190.97658,188.06578,188.37004,186.10847
5.0650682,189.56554,186.50587,186.96342,184.19516
5.0700684,188.15651,184.94836,185.55942,182.285
5.0750685,186.74994,183.39355,184.1583,180.37839
5.0800686,185.34601,181.84175,182.76035,178.4757
5.0850687,183.94492,180.29327,181.36584,176.5773
5.090069,182.54713,178.74843,179.97507,174.6836
5.095069,181.15274,177.20752,178.58829,172.79495
5.100069,179.76222,175.67085,177.2058,170.91176
5.105069,178.37566,174.13875,175.82787,169.03438
5.1100693,176.99352,172.61151,174.45477,167.1632
5.1150694,175.61595,171.08945,173.08679,165.29857
5.1200695,174.2432,169.57286,171.72418,163.44089
5.1250696,172.87567,168.06206,170.36723,161.59052
5.1300697,171.51347,166.55734,169.0162,159.74782
5.13507,170.15707,165.059,167.67137,157.91318
5.14007,168.80656,163.53278,166.29842,156.05237
5.14507,167.46236,162.04813,164.9668,154.20035
5.15007,166.1246,160.57077,163.64218,152.35748
5.1550703,164.79369,159.101,162.32484,150.52414
5.1600704,163.46982,157.63911,161.01503,148.70068
5.1650705,162.15317,156.18541,159.71301,146.88748
5.1700706,160.84418,154.74017,158.41905,145.0849
5.175071,159.54291,153.2434,157.07309,143.23299
5.180071,158.24985,151.81598,155.79604,141.39243
5.185071,156.96504,150.39792,154.52783,139.56358
5.190071,155.68893,148.98949,153.26872,137.74683
5.195071,154.42159,147.59097,152.01895,135.94252
5.2000713,153.16347,146.20267,150.77878,134.15103
5.2050714,151.91469,144.82484,149.54845,132.37271
5.2100716,150.67546,143.45778,148.3282,130.60791
5.2150717,149.44617,142.00209,147.01865,128.75734
5.220072,148.22691,140.65736,145.81934,126.92102
5.225072,147.01808,139.32425,144.63086,125.09932
5.230072,145.81978,138.00299,143.45346,123.292595
5.235072,144.6324,136.69388,142.28737,121.50121
5.2400723,143.45601,135.47435,141.21002,119.80272
5.2450724,142.291,134.19029,140.06723,118.12026
5.2500725,141.13754,132.91914,138.93643,116.45418
5.2550726,139.99576,131.66115,137.81784,114.8048
5.2600727,138.86606,130.41658,136.71169,113.17246
5.265073,137.74855,129.18567,135.6182,111.55749
5.270073,136.64352,127.96868,134.53758,109.9602
5.275073,135.5511,126.765854,133.47006,108.38091
5.280073,134.47165,125.57743,132.41585,106.819954
5.2850733,133.40523,124.403656,131.37514,105.27763
5.2900734,132.3522,123.24477,130.34816,103.75426
5.2950735,131.3127,122.101,129.33511,102.25013
5.3000736,130.28688,120.97258,128.3362,100.76555
5.3050737,129.27505,119.85974,127.351616,99.30081
5.310074,128.27731,118.76271,126.38156,97.85622
5.315074,127.29399,117.6817,125.42623,96.43205
5.320074,126.325134,116.61694,124.48582,95.0286
5.325074,125.371086,115.57819,123.570045,93.65569
5.3300743,124.43189,114.54658,122.66002,92.304054
5.3350744,123.50787,113.531845,121.76546,90.97395
5.3400745,122.59916,112.5342,120.88654,89.66566
5.3450747,121.705864,111.553856,120.02345,88.379425
5.350075,120.82829,110.591,119.17636,87.11552
5.355075,119.9665,109.645836,118.345436,85.87418
5.360075,119.12076,108.71855,117.53084,84.65568
5.365075,118.291145,107.80934,116.732735,83.46024
5.370075,117.47793,106.91838,115.95129,82.28812
5.3750753,116.68116,106.145744,115.28653,81.23942
5.3800755,115.90111,105.29184,114.53883,80.21447
5.3850756,115.13788,104.45671,113.80823,79.21348
5.3900757,114.39157,103.64052,113.094864,78.23664
5.395076,113.66243,102.84344,112.39888,77.28416
5.400076,112.95053,102.06563,111.72041,76.35622
5.405076,112.25606,101.30725,111.0596,75.453
5.410076,111.57911,100.56846,110.41658,74.5747
5.4150763,110.91988,99.8494,109.79147,73.72148
5.4200764,110.278435,99.15024,109.18441,72.89352
5.4250765,109.65497,98.4711,108.59551,72.09097
5.4300766,109.049576,97.81213,108.024895,71.31401
5.4350767,108.462326,97.17347,107.47267,70.56278
5.440077,107.893425,96.555244,106.93895,69.83744
5.445077,107.34291,96.03358,106.49983,69.21412
5.450077,106.81097,95.47034,106.01716,68.630684
5.455077,106.29763,94.91416,105.53955,68.073524
5.4600773,105.80306,94.37889,105.08083,67.54275
5.4650774,105.3273,93.86464,104.6411,67.03846
5.4700775,104.87051,93.37151,104.220436,66.56077
5.4750776,104.43274,92.89961,103.81893,66.109764
5.4800777,104.01405,92.46046,103.44808,65.69696
5.485078,103.6146,92.0313,103.08512,65.31102
5.490078,103.2344,91.62366,102.74155,64.95202
5.495078,102.873566,91.2376,102.41742,64.620026
5.500078,102.53215,90.87322,102.11281,64.31511
5.5050783,102.210236,90.530594,101.827774,64.03733
5.5100784,101.90788,90.20979,101.56238,63.786743
5.5150785,101.62513,89.91089,101.316666,63.563396
5.5200787,101.362076,89.63394,101.09069,63.367336
5.525079,101.11873,89.37901,100.8845,63.1986
5.530079,100.89519,89.14155,100.69352,63.05262
5.535079,100.69143,88.93082,100.527016,62.93403
5.540079,100.50756,88.742256,100.3804,62.84285
5.545079,100.34358,88.494576,100.172386,62.69777
5.5500793,100.19953,88.35048,100.06567,62.58015
5.5550795,100.07546,88.22868,99.97893,62.490017
5.5600796,99.97136,88.12922,99.91219,62.427383
5.5650797,99.88726,88.05211,99.86548,62.392265
5.57008,99.8232,87.99737,99.83879,62.38467
5.57508,99.77917,87.96502,99.83214,62.4046
5.58008,99.75517,87.95507,99.84552,62.452045
5.58508,99.751236,87.96753,99.87893,62.527
5.5900803,99.76735,88.002396,99.932365,62.62945
5.5950804,99.803505,88.05967,100.00581,62.759377
5.6000805,99.8597,88.062874,100.02279,62.84028
5.6050806,99.935936,88.16494,100.13623,62.948612
5.6100807,100.03217,88.28939,100.269646,63.084354
5.615081,100.14841,88.43621,100.423004,63.24748
5.620081,100.284615,88.60537,100.59628,63.437954
5.625081,100.440765,88.766655,100.75925,63.625553
5.630081,100.61682,88.98041,100.97225,63.840427
5.6350813,100.81276,89.21641,101.20506,64.08253
5.6400814,101.02854,89.49652,101.479546,64.373726
5.6450815,101.2641,89.77688,101.751816,64.69205
5.6500816,101.519424,90.07934,102.04374,65.03743
5.6550817,101.79443,90.40384,102.355255,65.409805
5.660082,102.08911,90.75033,102.6863,65.8091
5.665082,102.40334,91.11874,103.03681,66.23523
5.670082,102.737114,91.508995,103.40671,66.68812
5.675082,103.09034,91.92103,103.79593,67.16767
5.6800823,103.462906,92.35476,104.204384,67.67379
5.6850824,103.85482,92.810104,104.632,68.206375
5.6900826,104.26596,93.28698,105.0787,68.76532
5.6950827,104.696205,93.78529,105.54437,69.35051
5.700083,105.14556,94.30495,106.02894,69.96183
5.705083,105.6139,94.84585,106.532295,70.59916
5.710083,106.10111,95.40789,107.05435,71.26237
5.715083,106.607025,95.99096,107.59499,71.951324
5.720083,107.1317,96.59495,108.15412,72.66589
5.7250834,107.67495,97.219734,108.73161,73.40593
5.7300835,108.23659,97.865204,109.32736,74.17129
5.7350836,108.81665,98.53123,109.941246,74.961815
5.7400837,109.41495,99.21768,110.57314,75.77735
5.745084,110.03137,99.92443,111.22292,76.61773
5.750084,110.6657,100.65134,111.89046,77.48278
5.755084,111.317986,101.398254,112.575615,78.37234
5.760084,111.98801,102.16505,113.27826,79.28622
5.7650843,112.67564,102.95155,113.998245,80.224236
5.7700844,113.38064,103.75763,114.73543,81.18621
5.7750845,114.10305,104.583115,115.48967,82.17195
5.7800846,114.84265,105.42785,116.26081,83.18126
5.7850847,115.599174,106.320656,117.07769,84.24292
5.790085,116.37268,107.203384,117.882164,85.327736
5.795085,117.162926,108.10485,118.703064,86.435486
5.800085,117.969734,109.02488,119.54022,87.56595
5.805085,118.79284,110.0389,120.469086,88.79451
5.8100853,119.63229,110.99551,121.33824,90.04531
5.8150854,120.487816,111.9701,122.22313,91.3181
5.8200855,121.35914,112.962494,123.12357,92.612625
5.8250856,122.2463,113.972496,124.03939,93.92863
5.8300858,123.14903,114.9999,124.9704,95.26585
5.835086,124.06711,116.04452,125.91641,96.624016
5.840086,125.00025,117.10613,126.87724,98.00286
5.845086,125.948524,118.27841,127.94657,99.49598
5.850086,126.91161,119.3734,128.93643,101.0092
5.8550863,127.88933,120.484726,129.9405,102.54222
5.8600864,128.88133,121.61218,130.9586,104.094734
5.8650866,129.88766,122.75554,131.99051,105.66643
5.8700867,130.90804,123.91457,133.03601,107.25699
5.875087,131.94211,125.08906,134.09491,108.8661
5.880087,132.9899,126.278755,135.16699,110.49343
5.885087,134.05113,127.48344,136.25203,112.138664
5.890087,135.12552,128.70287,137.34982,113.80147
5.8950872,136.21275,129.9368,138.46014,115.481514
5.9000874,137.3129,131.18498,139.58278,117.17847
5.9050875,138.42557,132.44719,140.7175,118.89198
5.9100876,139.5504,133.72316,141.86407,120.62172
5.9150877,140.68748,135.01263,143.02228,122.36733
5.920088,141.83643,136.31537,144.19186,124.12847
5.925088,142.99701,137.6311,145.37262,125.904785
5.930088,144.16882,138.95956,146.5643,127.695915
5.935088,145.35196,140.3005,147.76666,129.50151
5.9400883,146.54605,141.65366,148.97948,131.3212
5.9450884,147.75081,143.01874,150.2025,133.15462
5.9500885,148.96587,144.3955,151.43547,135.0014
5.9550886,150.19128,145.78365,152.67816,136.86119
5.9600887,151.42668,147.18292,153.93031,138.73361
5.965089,152.67162,148.59303,155.19168,140.61829
5.970089,153.92618,150.01372,156.462,142.51483
5.975089,155.18996,151.44467,157.74104,144.42287
5.980089,156.4627,152.88564,159.02853,146.34201
5.9850893,157.744,154.3363,160.32422,148.27188
5.9900894,159.0339,155.7964,161.62784,150.2121
5.9950895,160.33202,157.26562,162.93913,152.16228
6.0000896,161.63785,158.81488,164.32904,154.19322
6.0050898,162.95157,160.3015,165.65488,156.23332
6.01009,164.27269,161.79634,166.98758,158.28218
6.01509,165.60095,163.29913,168.32689,160.33939
6.02009,166.93591,164.80957,169.67253,162.40453
6.02509,168.27768,166.32735,171.02425,164.47719
6.0300903,169.62578,167.85216,172.38176,166.55696
6.0350904,170.97995,169.3837,173.7448,168.64342
6.0400906,172.33975,170.92168,175.11308,170.73615
6.0450907,173.70528,172.46577,176.48634,172.83473
6.050091,175.07603,174.01569,177.8643,174.93875
6.055091,176.45161,175.5711,179.24669,177.04778
6.060091,177.83209,177.1757,180.67722,179.20538
6.065091,179.217,178.74121,182.06763,181.36716
6.0700912,180.60605,180.31128,183.46162,183.53265
6.0750914,181.99881,181.88559,184.85892,185.70145
6.0800915,183.39534,183.46385,186.25925,187.8731
6.0850916,184.7952,185.04573,187.66232,190.04716
6.0900917,186.19792,186.63092,189.06787,192.22322
6.095092,187.60358,188.2191,190.4756,194.40083
6.100092,189.01172,189.80995,191.88524,196.57956
6.105092,190.42204,191.40315,193.2965,198.75897
6.110092,191.83412,192.9984,194.70909,200.93863
6.1150923,193.24802,194.59537,196.12274,203.1181
6.1200924,194.66324,196.19373,197.53717,205.29695
6.1250925,196.07956,197.79317,198.95209,207.47475
6.1300926,197.49646,199.39337,200.36722,209.65105
6.1350927,198.91405,200.99402,201.78227,211.82542
6.140093,200.33185,202.59479,203.19698,213.99744
6.145093,201.74939,204.19536,204.61104,216.16666
6.150093,203.1668,205.82469,206.05347,218.36192
6.155093,204.58356,207.4239,207.4654,220.55351
6.1600933,205.99939,209.07024,208.9241,222.78928
6.1650934,207.41385,210.6668,210.33275,225.02048
6.1700935,208.82701,212.26154,211.73933,227.24667
6.1750937,210.2384,213.85416,213.14357,229.46742
6.180094,211.64755,215.44432,214.54518,231.68228
6.185094,213.05457,217.03171,215.94388,233.89081
6.190094,214.45897,218.61601,217.33939,236.09256
6.195094,215.86049,220.19691,218.73143,238.2871
6.200094,217.25865,221.7741,220.11972,240.47397
6.2050943,218.65352,223.34723,221.504,242.65274
6.2100945,220.0447,224.916,222.88397,244.82298
6.2150946,221.43166,226.4801,224.25937,246.98425
6.2200947,222.81451,228.03923,225.62991,249.13612
6.225095,224.19281,229.59306,226.99533,251.27817
6.230095,225.56627,231.14128,228.35535,253.40996
6.235095,226.93443,232.77559,229.80171,255.62308
6.240095,228.29741,234.31166,231.1501,257.82504
6.2450953,229.6547,235.78845,232.43953,259.9627
6.2500954,231.00606,237.31111,233.77519,262.08838
6.2550955,232.35104,238.82661,235.10411,264.20163
6.2600956,233.68974,240.33466,236.42601,266.30203
6.2650957,235.0217,241.83493,237.74062,268.38916
6.270096,236.34648,243.32713,239.04768,270.46262
6.275096,237.66415,244.81097,240.34694,272.52197
6.280096,238.9743,246.28615,241.63812,274.56683
6.285096,240.27666,247.75237,242.92097,276.59677
6.2900963,241.57079,249.116,244.10193,278.51807
6.2950964,242.85678,250.5634,245.36737,280.42365
6.3000965,244.13419,252.00098,246.62375,282.31314
6.3050966,245.40259,253.42844,247.8708,284.1862
6.3100967,246.6621,254.8455,249.10828,286.0424
6.315097,247.91226,256.2519,250.33594,287.88138
6.320097,249.15285,257.6473,251.55353,289.7028
6.325097,250.38344,259.03146,252.7608,291.50626
6.330097,251.60411,260.40408,253.95753,293.2914
6.3350973,252.81445,261.76492,255.14346,295.05792
6.3400974,254.01427,263.11368,256.31836,296.80542
6.3450975,255.2031,264.45007,257.482,298.53357
6.3500977,256.38104,265.77383,258.63412,300.242
6.355098,257.54773,267.08472,259.77454,301.9304
6.360098,258.70273,268.4611,260.98163,303.67703
6.365098,259.84613,269.7454,262.0979,305.40295
6.370098,260.9776,271.01602,263.20175,307.1078
6.375098,262.09686,272.27267,264.29297,308.7912
6.3800983,263.20355,273.51514,265.3713,310.45285
6.3850985,264.29773,274.74313,266.43658,312.0924
6.3900986,265.37906,275.95645,267.48856,313.70953
6.3950987,266.44714,277.15482,268.52704,315.30392
6.400099,267.5021,278.33798,269.55182,316.87524
6.405099,268.54358,279.46692,270.5239,318.3844
6.410099,269.57132,280.619,271.52066,319.86987
6.415099,270.58502,281.75516,272.5031,321.33136
6.4200993,271.58475,282.8752,273.47107,322.7686
6.4250994,272.57016,283.9789,274.42435,324.18124
6.4300995,273.54108,285.06604,275.36273,325.56906
6.4350996,274.4971,286.13638,276.28604,326.93176
6.4400997,275.4384,287.1897,277.1941,328.26907
6.4451,276.3646,288.2258,278.0867,329.58072
6.4501,277.27536,289.24445,278.96368,330.86646
6.4551,278.1708,290.24545,279.8249,332.126
6.4601,279.05063,291.2286,280.67014,333.35913
6.4651003,279.91464,292.19373,281.49924,334.56558
6.4701004,280.76257,293.1406,282.31204,335.74512
6.4751005,281.59445,294.06903,283.1084,336.8975
6.4801006,282.40997,294.97882,283.88812,338.0225
6.4851007,283.20895,295.9222,284.70346,339.17227
6.490101,283.9914,296.7942,285.44946,340.29422
6.495101,284.75702,297.647,286.17838,341.38812
6.500101,285.50568,298.48044,286.89005,342.45374
6.505101,286.23715,299.29434,287.58435,343.49084
6.5101013,286.9515,300.08856,288.26114,344.49927
6.5151014,287.6484,300.8629,288.92026,345.4788
6.5201015,288.32782,301.61725,289.5616,346.42923
6.5251017,288.9895,302.3514,290.18506,347.35037
6.530102,289.63342,303.06525,290.79047,348.24203
6.535102,290.25943,303.7586,291.37772,349.10403
6.540102,290.86728,304.43137,291.9467,349.93622
6.545102,291.4571,305.07364,292.48752,350.72867
6.550102,292.0286,305.70477,293.0196,351.49097
6.5551023,292.58167,306.31488,293.53308,352.22296
6.5601025,293.11615,306.90384,294.02786,352.9245
6.5651026,293.63208,307.47153,294.5038,353.59546
6.5701027,294.1293,308.01785,294.96088,354.2357
6.575103,294.60764,308.4919,295.34818,354.79428
6.580103,295.06708,308.99515,295.76718,355.32193
6.585103,295.50754,309.47668,296.16702,355.8185
6.590103,295.9289,309.9364,296.54764,356.28394
6.5951033,296.331,310.37424,296.90894,356.7181
6.6001034,296.71387,310.79007,297.25085,357.12094
6.6051035,297.07742,311.18384,297.57333,357.49234
6.6101036,297.4215,311.55545,297.87628,357.83224
6.6151037,297.74615,311.96292,298.21777,358.1987
6.620104,298.05127,312.28998,298.4815,358.5335
6.625104,298.33673,312.59464,298.72556,358.8366
6.630104,298.6025,312.958,299.031,359.1891
6.635104,298.8486,313.1379,299.1557,359.42993
6.6401043,299.07492,313.375,299.34036,359.6389
6.6451044,299.28143,313.58948,299.50516,359.81592
6.6501045,299.46805,313.78128,299.65005,359.961
6.6551046,299.6348,313.95035,299.77502,360.0741
6.6601048,299.78162,314.09668,299.88004,360.15518
6.665105,299.90845,314.16785,299.9127,360.15186
6.670105,300.01535,314.26855,299.97772,360.1165
6.675105,300.10223,314.28397,299.9603,359.98663
6.680105,300.1691,314.339,299.98535,359.8248
6.6851053,300.21588,314.37115,299.99042,359.631
6.6901054,300.2427,314.38046,299.9755,359.4053
6.6951056,300.24942,314.36688,299.94055,359.1477
6.7001057,300.2361,314.33044,299.88562,358.85828
6.705106,300.20273,314.28058,299.8202,358.54654
6.710106,300.14932,314.1984,299.72534,358.2031
6.715106,300.07587,314.09335,299.61053,357.828
6.720106,299.98242,313.96548,299.4758,357.42136
6.7251062,299.86896,313.8148,299.32117,356.98322
6.7301064,299.73553,313.63208,299.13745,356.50446
6.7351065,299.58215,313.43582,298.94315,355.9944
6.7401066,299.40884,313.21683,298.72903,355.45312
6.7451067,299.21567,312.97516,298.49518,354.88077
6.750107,299.00262,312.71085,298.24164,354.27744
6.755107,298.76984,312.42395,297.96844,353.64325
6.760107,298.51724,312.1145,297.67566,352.97833
6.765107,298.24496,311.78256,297.36334,352.2828
6.7701073,297.953,311.4282,297.03156,351.55682
6.7751074,297.64154,311.05148,296.68036,350.80054
6.7801075,297.3105,310.6525,296.3098,350.0141
6.7851076,296.95996,310.2313,295.92,349.19766
6.7901077,296.59006,309.78796,295.51102,348.35138
6.795108,296.20084,309.32257,295.08292,347.47543
6.800108,295.7924,308.83524,294.6358,346.57
6.805108,295.36475,308.32602,294.16977,345.63525
6.810108,294.9181,307.79504,293.6849,344.6714
6.8151083,294.45236,307.2424,293.1813,343.6786
6.8201084,293.96777,306.6682,292.65906,342.65704
6.8251085,293.4644,306.16736,292.21307,341.70175
6.8301086,292.9424,305.55038,291.65387,340.7181
6.8351088,292.4017,304.91217,291.07632,339.70633
6.840109,291.84256,304.25284,290.48056,338.6666
6.845109,291.26514,303.57254,289.8667,337.59912
6.850109,290.66934,302.87137,289.23486,336.50412
6.855109,290.05545,302.1495,288.58517,335.3818
6.8601093,289.42352,301.40704,287.9178,334.23242
6.8651094,288.77377,300.64417,287.23282,333.05618
6.8701096,288.10623,299.861,286.5304,331.85333
6.8751097,287.42102,299.0577,285.81067,330.6241
6.88011,286.71848,298.23444,285.0738,329.36877
6.88511,285.99844,297.39136,284.3199,328.08755
6.89011,285.26123,296.52863,283.5491,326.78073
6.89511,284.50696,295.72922,282.84442,325.53134
6.9001102,283.7359,294.82773,282.04037,324.25684
6.9051104,282.94797,293.90707,281.2199,322.9575
6.9101105,282.14346,292.96747,280.3832,321.63354
6.9151106,281.32254,292.04758,279.56894,320.3238
6.9201107,280.48544,290.99057,278.62024,318.90994
6.925111,279.63214,289.99518,277.7358,317.47232
6.930111,278.76288,288.98157,276.83585,316.0112
6.935111,277.87802,287.94998,275.9205,314.5269
6.940111,276.97745,286.9006,274.99,313.01965
6.9451113,276.0615,285.83362,274.04446,311.4898
6.9501114,275.1303,284.74927,273.08414,309.93765
6.9551115,274.18423,283.64774,272.1092,308.36353
6.9601116,273.2232,282.52927,271.11984,306.76773
6.9651117,272.24756,281.39407,270.11627,305.15057
6.970112,271.2575,280.24237,269.09866,303.5124
6.975112,270.25314,279.07437,268.06723,301.85352
6.980112,269.2347,277.89032,267.0222,300.17426
6.985112,268.20242,276.69046,265.96375,298.47495
6.9901123,267.15665,275.47504,264.89212,296.75595
6.9951124,266.09726,274.24426,263.8075,295.0176
7.0001125,265.0247,272.99838,262.7101,293.26025
7.0051126,263.93912,271.73767,261.6002,291.48425
7.010113,262.8409,270.46234,260.47794,289.68994
7.015113,261.72992,269.17267,259.3436,287.8777
7.020113,260.60666,267.86893,258.1974,286.04785
7.025113,259.47137,266.55133,257.03955,284.2008
7.030113,258.3241,265.22015,255.8703,282.3369
7.0351133,257.1651,263.87567,254.68988,280.45654
7.0401134,255.9947,262.51816,253.49852,278.5601
7.0451136,254.81325,261.14786,252.29646,276.64792
7.0501137,253.62068,259.76508,251.08394,274.72043
7.055114,252.41739,258.27472,249.76588,272.68265
7.060114,251.20377,256.86774,248.53319,270.63034
7.065114,249.97975,255.4491,247.29079,268.5639
7.070114,248.74574,254.01909,246.03893,266.48376
7.0751143,247.50197,252.57799,244.77786,264.39032
7.0801144,246.24887,251.12608,243.50784,262.284
7.0851145,244.98634,249.66367,242.22913,260.16522
7.0901146,243.71483,248.19102,240.94196,258.03442
7.0951147,242.43475,246.70845,239.6466,255.89201
7.100115,241.14601,245.21623,238.34332,253.73842
7.105115,239.84903,243.71468,237.03236,251.57408
7.110115,238.54407,242.20407,235.714,249.39943
7.115115,237.2316,240.68472,234.3885,247.2149
7.1201153,235.9115,239.15694,233.05612,245.02094
7.1251154,234.58421,237.62102,231.71713,242.81796
7.1301155,233.25,236.07727,230.3718,240.60643
7.1351156,231.90933,234.526,229.02039,238.38678
7.1401157,230.56209,232.96751,227.66318,236.15945
7.145116,229.20874,231.40211,226.30043,233.9249
7.150116,227.84973,229.83012,224.93242,231.68355
7.155116,226.48497,228.25186,223.55942,229.43587
7.160116,225.11491,226.66763,222.18172,227.1823
7.1651163,223.73984,225.07774,220.79958,224.9233
7.1701164,222.3602,223.48253,219.41327,222.6593
7.1751165,220.97589,221.8823,218.02309,220.39078
7.1801167,219.58739,220.27736,216.6293,218.11818
7.185117,218.19516,218.66805,215.2322,215.84196
7.190117,216.7991,217.05469,213.83203,213.56258
7.195117,215.39969,215.43759,212.42911,211.28047
7.200117,213.9972,213.81708,211.0237,208.99611
7.205117,212.59209,212.19348,209.61607,206.70995
7.2101173,211.18428,210.56712,208.20653,204.42244
7.2151175,209.77423,208.93832,206.79535,202.13405
7.2201176,208.36223,207.31784,205.39323,199.85565
7.2251177,206.94873,205.68513,203.97961,197.57729
7.230118,205.53366,204.05098,202.5652,195.29941
7.235118,204.1175,202.41568,201.15027,193.02248
7.240118,202.70068,200.77957,199.7351,190.74693
7.245118,201.28314,199.14297,198.32,188.47324
7.2501183,199.86534,197.50623,196.90524,186.20184
7.2551184,198.44759,195.86964,195.49109,183.93321
7.2601185,197.0303,194.23357,194.07784,181.6678
7.2651186,195.61345,192.59831,192.66577,179.40605
7.2701187,194.19745,190.96422,191.25517,177.14842
7.275119,192.78284,189.3316,189.84633,174.89537
7.280119,191.36945,187.70079,188.43951,172.64734
7.285119,189.9578,186.07211,187.035,170.40479
7.290119,188.54814,184.44589,185.63309,168.16815
7.2951193,187.14098,182.82246,184.23404,165.93788
7.3001194,185.73619,181.11858,182.75458,163.63084
7.3051195,184.33426,179.5017,181.36214,161.33109
7.3101196,182.93546,177.88858,179.97342,159.03906
7.3151197,181.54025,176.27957,178.58871,156.75523
7.32012,180.14856,174.67499,177.2083,154.48006
7.32512,178.76085,173.07515,175.83243,152.21399
7.33012,177.37756,171.48038,174.4614,149.95747
7.33512,175.99861,169.89098,173.09547,147.71097
7.3401203,174.62445,168.30728,171.73492,145.47491
7.3451204,173.25539,166.72961,170.38004,143.24977
7.3501205,171.89185,165.15828,169.03107,141.03598
7.3551207,170.53374,163.5936,167.6883,138.83398
7.360121,169.18152,162.03589,166.35199,136.64423
7.365121,167.83566,160.43155,164.9685,134.41322
7.370121,166.49606,158.88872,163.64594,132.19534
7.375121,165.16315,157.3538,162.33063,129.99103
7.380121,163.8372,155.79764,160.9934,127.77125
7.3851213,162.51866,154.27946,159.69342,125.56591
7.3901215,161.20746,152.77014,158.40152,123.37546
7.3951216,159.90399,151.26996,157.11794,121.20033
7.4001217,158.60857,149.77922,155.84293,119.04097
7.405122,157.32158,148.29823,154.57675,116.8978
7.410122,156.04298,146.84114,153.33351,114.78509
7.415122,154.77315,145.38054,152.08575,112.68942
7.420122,153.51253,143.93056,150.84758,110.61122
7.4251223,152.26105,142.4915,149.61923,108.550896
7.4301224,151.01912,141.06366,148.40096,106.50886
7.4351225,149.78699,139.64732,147.19301,104.48552
7.4401226,148.56505,138.24278,145.99562,102.481285
7.4451227,147.35324,136.85031,144.80904,100.49655
7.450123,146.15196,135.47018,143.63348,98.531715
7.455123,144.96161,134.10269,142.46921,96.58717
7.460123,143.78214,132.74811,141.31644,94.663315
7.465123,142.61386,131.4067,140.1754,92.76052
7.4701233,141.45709,130.07874,139.04633,90.87917
7.4751234,140.31218,128.7645,137.92944,89.01965
7.4801235,139.17905,127.46424,136.82498,87.18233
7.4851236,138.0581,126.17823,135.73315,85.36756
7.4901237,136.94966,124.90672,134.65417,83.57572
7.495124,135.8537,123.64999,133.58827,81.80717
7.500124,134.77058,122.408264,132.53564,80.06225
7.505124,133.70049,121.181816,131.4965,78.34132
7.510124,132.6438,119.97089,130.47107,76.644714
7.5151243,131.60045,118.77572,129.45955,74.972786
7.5201244,130.57077,117.59656,128.46213,73.32587
7.5251245,129.555,116.43364,127.47902,71.704285
7.5301247,128.55344,115.2872,126.510414,70.10836
7.535125,127.566025,114.15748,125.5565,68.538414
7.540125,126.59311,113.104294,124.67708,67.05435
7.545125,125.635,112.00868,123.75312,65.59688
7.550125,124.69164,110.93045,122.84441,64.16628
7.555125,123.76334,109.86981,121.95114,62.762856
7.5601254,122.85029,108.77211,121.0186,61.332
7.5651255,121.95279,107.747314,120.15673,59.92888
7.5701256,121.07079,106.74077,119.31083,58.553772
7.5751257,120.20457,105.75267,118.48107,57.206955
7.580126,119.35442,104.783226,117.66761,55.888695
7.585126,118.520294,103.83263,116.87062,54.59926
7.590126,117.70245,102.90107,116.090256,53.3389
7.595126,116.90108,101.98875,115.326675,52.107876
7.6001263,116.11643,101.09585,114.580025,50.90643
7.6051264,115.34846,100.263374,113.89129,49.77563
7.6101265,114.59741,99.40986,113.17895,48.674877
7.6151266,113.86346,98.57629,112.48397,47.60439
7.6201267,113.14681,97.76283,111.806496,46.56438
7.625127,112.44745,96.992546,111.16954,45.57794
7.630127,111.76561,96.219826,110.52747,44.622387
7.635127,111.101494,95.467705,109.9033,43.697906
7.640127,110.45507,94.73634,109.29714,42.804688
7.6451273,109.82656,94.02589,108.70913,41.94291
7.6501274,109.21609,93.255936,108.05883,41.0322
7.6551275,108.62385,92.58772,107.50746,40.153282
7.6601276,108.049805,91.940865,106.97459,39.306335
7.6651278,107.49416,91.31548,106.46032,38.491528
7.670128,106.957085,90.711716,105.96476,37.709023
7.675128,106.438545,90.11754,105.47586,36.946827
7.680128,105.93872,89.557365,105.01801,36.217243
7.685128,105.45771,89.01917,104.57916,35.520416
7.6901283,104.995674,88.50307,104.15939,34.856483
7.6951284,104.55258,88.009155,103.7588,34.22558
7.7001286,104.12857,87.537544,103.37745,33.627827
7.7051287,103.72374,87.08833,103.01543,33.06335
7.710129,103.33821,86.75756,102.768745,32.628212
7.715129,102.97198,86.353424,102.445564,32.226547
7.720129,102.62514,85.97193,102.14189,31.858437
7.725129,102.29782,85.613174,101.857796,31.523954
7.7301292,101.990005,85.27722,101.59332,31.223167
7.7351294,101.7018,84.96414,101.34853,30.956137
7.7401295,101.43324,84.67401,101.123474,30.722916
7.7451296,101.18444,84.38344,100.894745,30.500105
7.7501297,100.95537,84.13938,100.70928,30.311193
7.75513,100.7461,83.995155,100.62039,30.232931
7.76013,100.55672,83.79739,100.47466,30.188622
7.76513,100.38719,83.62283,100.34884,30.178274
7.77013,100.2376,83.47151,100.24294,30.20189
7.7751303,100.107956,83.34346,100.157,30.259468
7.7801304,99.99831,83.238716,100.09103,30.350994
7.7851305,99.90864,83.1573,100.04504,30.47645
7.7901306,99.839,83.1772,100.09699,30.713766
7.7951307,99.7894,83.14251,100.09097,30.98494
7.800131,99.759834,83.13119,100.104935,31.289917
7.805131,99.75032,83.143234,100.13888,31.628637
7.810131,99.76086,83.15459,100.16872,31.976965
7.815131,99.791435,83.21338,100.24259,32.3589
7.8201313,99.84206,83.29554,100.336426,32.774357
7.8251314,99.91271,83.401054,100.45019,33.22326
7.8301315,100.003395,83.529915,100.58386,33.705517
7.8351316,100.11407,83.586426,100.641754,34.125374
7.8401318,100.24472,83.761894,100.815186,34.578407
7.845132,100.39534,83.96065,101.00845,35.064526
7.850132,100.56585,84.18265,101.22152,35.58363
7.855132,100.75626,84.42786,101.45434,36.135616
7.860132,100.96654,84.69623,101.70686,36.720375
7.8651323,101.19662,84.98772,101.97905,37.33779
7.8701324,101.44643,85.30227,102.27084,37.98774
7.8751326,101.71598,85.639824,102.582184,38.67009
7.8801327,102.00519,86.00031,102.913,39.384705
7.885133,102.314,86.383675,103.26324,40.131443
7.890133,102.64231,86.78984,103.63282,40.910156
7.895133,102.99013,87.21873,104.021675,41.720688
7.900133,103.35736,87.67026,104.429726,42.562874
7.9051332,103.743866,88.14434,104.856895,43.436546
7.9101334,104.149666,88.64089,105.30309,44.34153
7.9151335,104.574646,89.15981,105.76823,45.277645
7.9201336,105.018715,89.701004,106.25221,46.244705
7.9251337,105.48172,90.264366,106.754944,47.242516
7.930134,105.963684,90.849785,107.27632,48.270878
7.935134,106.46447,91.45715,107.816246,49.329586
7.940134,106.98388,92.08635,108.37461,50.418427
7.945134,107.52197,92.73726,108.9513,51.53718
7.9501343,108.07855,93.40975,109.546196,52.68563
7.9551344,108.65353,94.10369,110.15919,53.863544
7.9601345,109.24669,94.818954,110.790146,55.070686
7.9651346,109.85809,95.5554,111.43894,56.306812
7.9701347,110.48751,96.312874,112.10545,57.57168
7.975135,111.13476,97.00882,112.70712,58.782604
7.980135,111.79985,97.80792,113.40867,60.021774
7.985135,112.482605,98.71468,114.21459,61.376003
7.990135,113.182846,99.554825,114.950615,62.757957
7.9951353,113.90037,100.41522,115.70365,64.16736
8.000135,114.6352,101.29571,116.47354,65.60393
8.005136,115.3871,102.196106,117.26014,67.067375
8.010136,116.15594,103.11625,118.063286,68.55741
8.015136,116.94143,104.055954,118.88282,70.07374
8.020136,117.74365,105.01504,119.718575,71.61605
8.025136,118.56232,105.99331,120.57039,73.184044
8.030136,119.397156,107.03957,121.48708,74.82639
8.035136,120.24823,108.05564,122.37048,76.493774
8.040136,121.11526,109.0903,123.26941,78.18586
8.045136,121.99807,110.14335,124.183685,79.902306
8.050137,122.896355,111.21458,125.11312,81.64277
8.055137,123.81018,112.30378,126.05753,83.406906
8.060137,124.73925,113.38609,126.992096,85.169716
8.065137,125.68326,114.51059,127.9659,86.95549
8.070137,126.64223,115.65241,128.9541,88.76387
8.075137,127.6159,116.81133,129.95653,90.5945
8.080137,128.60403,117.98712,130.97296,92.44701
8.085137,129.6063,119.17955,132.00319,94.32102
8.0901375,130.6228,120.38838,133.04703,96.21617
8.095138,131.65317,121.61337,134.10425,98.13208
8.100138,132.69722,122.85429,135.17465,100.06836
8.105138,133.7546,124.11088,136.25803,102.02463
8.110138,134.82533,125.419624,137.39087,104.03722
8.115138,135.90913,126.706825,138.49951,106.069
8.120138,137.00558,128.00894,139.62045,108.11957
8.125138,138.11479,129.32571,140.75346,110.188515
8.130138,139.23639,130.6784,141.91985,112.29694
8.1351385,140.37012,132.02371,143.07632,114.42291
8.140139,141.51564,133.38289,144.24419,116.565994
8.145139,142.673,134.75566,145.4232,118.72576
8.150139,143.84184,136.14175,146.61313,120.90179
8.155139,145.02174,137.5409,147.81374,123.093636
8.160139,146.2128,138.9528,149.02478,125.300865
8.165139,147.41461,140.37721,150.24602,127.52303
8.170139,148.62695,141.81383,151.4772,129.7597
8.175139,149.8494,143.26236,152.7181,132.01042
8.18014,151.08205,144.66484,153.91075,134.21704
8.18514,152.32446,146.13637,155.17032,136.43681
8.19014,153.57643,147.61896,156.43886,138.6693
8.19514,154.8375,149.11232,157.71611,140.91405
8.20014,156.10779,150.61615,159.00182,143.17061
8.20514,157.38684,152.13016,160.29572,145.43854
8.21014,158.67426,153.65405,161.59756,147.71738
8.21514,159.97011,155.18752,162.90709,150.00667
8.22014,161.27396,156.73026,164.22403,152.30595
8.225141,162.58556,158.28195,165.54813,154.61478
8.230141,163.90446,159.8423,166.87912,156.93268
8.235141,165.23076,161.411,168.21674,159.25919
8.240141,166.56401,162.98772,169.56071,161.59384
8.245141,167.9038,164.57216,170.91077,163.93617
8.250141,169.25014,166.164,172.26665,166.28572
8.255141,170.60266,167.76294,173.62807,168.64201
8.260141,171.96106,169.36864,174.99477,171.00458
8.2651415,173.32487,170.98079,176.36647,173.37294
8.270142,174.69423,172.59906,177.74289,175.74663
8.275142,176.06862,174.22313,179.12376,178.12517
8.280142,177.4478,175.85269,180.50882,180.50809
8.285142,178.83131,177.4874,181.89777,182.8949
8.290142,180.21925,179.12694,183.29034,185.28513
8.295142,181.61113,180.77098,184.68626,187.6783
8.300142,183.00652,182.4192,186.08524,190.07394
8.305142,184.40547,184.07127,187.487,192.47157
8.3101425,185.80756,185.72685,188.89127,194.87071
8.315143,187.21248,187.38562,190.29774,197.27087
8.320143,188.61977,189.04724,191.70616,199.67159
8.325143,190.02954,190.71138,193.11624,202.07236
8.330143,191.44128,192.37772,194.5277,204.47272
8.335143,192.85455,194.04591,195.94025,206.87218
8.340143,194.26944,195.71564,197.3536,209.27026
8.345143,195.68549,197.38655,198.7675,211.66649
8.350143,197.10239,199.05832,200.18164,214.06038
8.355144,198.51967,200.7306,201.59575,216.45146
8.360144,199.93744,202.40308,203.00954,218.83925
8.365144,201.35524,204.07541,204.42271,221.22327
8.370144,202.77255,205.74725,205.835,223.60304
8.375144,204.18953,207.41829,207.24614,225.9781
8.380144,205.60567,209.08818,208.65582,228.34796
8.385144,207.02066,210.75658,210.06378,230.71214
8.390144,208.43407,212.40086,211.44743,233.04788
8.395144,209.84598,214.06529,212.85109,235.37701
8.400145,211.25594,215.72725,214.25217,237.69907
8.405145,212.66362,217.38638,215.65039,240.01358
8.410145,214.06859,219.04237,217.04549,242.3201
8.415145,215.47093,220.69489,218.43718,244.61815
8.420145,216.87018,222.3436,219.82518,246.90727
8.425145,218.26587,223.98816,221.20921,249.18701
8.430145,219.6581,225.62827,222.589,251.45691
8.435145,221.0464,227.26357,223.96428,253.71652
8.4401455,222.43048,228.89374,225.33476,255.9654
8.445146,223.80989,230.51846,226.70018,258.20306
8.450146,225.18472,232.18575,228.1086,260.47745
8.455146,226.5545,233.79858,229.46306,262.73975
8.460146,227.91881,235.40498,230.81161,264.9895
8.465146,229.27771,237.00462,232.15402,267.22626
8.470146,230.63075,238.64598,233.53879,269.49835
8.475146,231.97768,240.15211,234.78903,271.67755
8.480146,233.31801,241.72955,236.11134,273.8424
8.4851465,234.65189,243.29895,237.42642,275.9925
8.490147,235.97879,244.86,238.73402,278.12738
8.495147,237.29854,246.4124,240.03387,280.24664
8.500147,238.61063,247.95583,241.32571,282.34985
8.505147,239.91518,249.48997,242.6093,284.43658
8.510147,241.21175,251.01453,243.88435,286.50644
8.515147,242.4999,252.52917,245.15063,288.559
8.520147,243.77972,254.03363,246.40788,290.59384
8.525147,245.05078,255.52757,247.65585,292.61057
8.530148,246.31282,257.0107,248.89429,294.60876
8.535148,247.56544,258.48276,250.12294,296.58804
8.540148,248.80872,259.9434,251.34157,298.548
8.545148,250.04225,261.39233,252.54993,300.48825
8.550148,251.2656,262.82928,253.74779,302.4084
8.555148,252.47885,264.25394,254.93489,304.30804
8.560148,253.68161,265.66605,256.11102,306.18683
8.565148,254.87363,267.0653,257.2759,308.04437
8.570148,256.0545,268.45142,258.42935,309.8803
8.575149,257.2243,269.82413,259.5711,311.69427
8.580149,258.38272,271.18314,260.70096,313.4859
8.585149,259.52942,272.5282,261.81866,315.25482
8.590149,260.66406,273.859,262.924,317.0007
8.595149,261.78674,275.17532,264.01675,318.72318
8.600149,262.89703,276.47687,265.0967,320.4219
8.605149,263.99463,277.76337,266.16364,322.09656
8.610149,265.07956,279.03458,267.21735,323.7468
8.6151495,266.15146,280.29022,268.2576,325.37228
8.62015,267.21014,281.53006,269.2842,326.9727
8.62515,268.25525,282.75385,270.29697,328.5477
8.63015,269.28683,283.96133,271.29565,330.09702
8.63515,270.30457,285.15225,272.2801,331.6203
8.64015,271.30807,286.3264,273.25006,333.11725
8.64515,272.29752,287.4835,274.20538,334.5876
8.65015,273.27246,288.62332,275.14587,336.031
8.65515,274.23273,289.74567,276.07132,337.44724
8.660151,275.17804,290.85028,276.98157,338.83597
8.665151,276.10843,291.93695,277.8764,340.19693
8.670151,277.02362,293.00546,278.75568,341.52985
8.675151,277.9234,294.05557,279.6192,342.83444
8.680151,278.80746,295.0871,280.4668,344.11047
8.685151,279.6759,296.0998,281.29828,345.3577
8.690151,280.5284,297.09348,282.11353,346.57584
8.695151,281.36465,298.06793,282.91235,347.76465
8.700151,282.18478,299.02298,283.69458,348.92392
8.705152,282.98843,299.9584,284.46008,350.0534
8.710152,283.7755,300.87402,285.20868,351.1529
8.715152,284.54575,301.76965,285.94025,352.22214
8.720152,285.29916,302.6451,286.65463,353.26093
8.725152,286.0355,303.5002,287.35168,354.26907
8.730152,286.75455,304.38614,288.0826,355.29773
8.735152,287.45633,305.2,288.74457,356.29532
8.740152,288.1406,305.993,289.38876,357.26166
8.745152,288.80728,306.76498,290.01508,358.19653
8.750153,289.45612,307.51575,290.6234,359.09976
8.755153,290.0871,308.24515,291.21362,359.97116
8.760153,290.7001,308.95306,291.78558,360.81058
8.765153,291.29486,309.6393,292.33917,361.61783
8.770153,291.87143,310.30377,292.8743,362.39276
8.775153,292.42966,310.94632,293.39087,363.13522
8.780153,292.9694,311.5668,293.88873,363.84506
8.785153,293.49045,312.1651,294.36783,364.52213
8.7901535,293.9929,312.7411,294.82806,365.1663
8.795154,294.4765,313.29462,295.26932,365.77744
8.800154,294.94122,313.82562,295.69153,366.35544
8.805154,295.38696,314.39865,296.1593,366.96487
8.810154,295.81363,314.88422,296.54315,367.54092
8.815154,296.2211,315.3469,296.90768,368.08347
8.820154,296.6093,315.7866,297.25284,368.59238
8.825154,296.97824,316.20325,297.57852,369.06757
8.830154,297.3278,316.59674,297.8847,369.50894
8.835155,297.65787,316.96698,298.1713,369.9164
8.840155,297.96832,317.3139,298.43826,370.2899
8.845155,298.2593,317.63745,298.68555,370.6293
8.850155,298.5306,317.93753,298.9131,370.9346
8.855155,298.78214,318.21408,299.12085,371.20572
8.860155,299.01398,318.46704,299.30878,371.4426
8.865155,299.22595,318.69635,299.47687,371.64517
8.870155,299.41815,318.90198,299.62506,371.81342
8.875155,299.59042,319.08386,299.75333,371.9473
8.880156,299.74277,319.24197,299.86163,372.04678
8.885156,299.8752,319.37625,299.94995,372.11185
8.890156,299.98764,319.4867,300.01828,372.1425
8.895156,300.0801,319.60822,300.1016,372.17368
8.900156,300.1525,319.67087,300.1299,372.17044
8.905156,300.2049,319.7096,300.1382,372.13278
8.910156,300.23727,319.7244,300.12646,372.0607
8.915156,300.24957,319.71527,300.0947,371.9542
8.9201565,300.2418,319.6822,300.0429,371.8133
8.925157,300.21402,319.61826,299.96423,371.63113
8.930157,300.16617,319.5373,299.87247,371.41464
8.935157,300.0983,319.50137,299.82968,371.23285
8.940157,300.0104,319.3726,299.69797,371.0168
8.945157,299.90253,319.2199,299.5463,370.76657
8.950157,299.77466,319.04333,299.37473,370.48218
8.955157,299.62683,318.84293,299.1833,370.1637
8.960157,299.45905,318.6187,298.97202,369.8112
8.9651575,299.27142,318.37073,298.74094,369.4247
8.970158,299.0639,318.09903,298.4901,369.00436
8.975158,298.83655,317.80365,298.2196,368.5502
8.980158,298.58948,317.48465,297.92944,368.06232
8.985158,298.3227,317.1421,297.6197,367.54083
8.990158,298.03622,316.77603,297.2904,366.98584
8.995158,297.73013,316.38654,296.94168,366.39746
9.000158,297.40454,315.88528,296.48514,365.68738
9.005158,297.05942,315.44916,296.09772,364.94415
9.010159,296.69485,314.98987,295.69107,364.16794
9.015159,296.311,314.50748,295.2653,363.3589
9.020159,295.9079,314.00208,294.82047,362.51715
9.025159,295.4856,313.4738,294.35666,361.6429
9.030159,295.0442,312.9227,293.874,360.73636
9.035159,294.5838,312.3489,293.37256,359.79767
9.040159,294.1045,311.75253,292.85245,358.82703
9.045159,293.60632,311.1337,292.31375,357.82462
9.050159,293.08942,310.4925,291.7566,356.79065
9.05516,292.55396,309.82907,291.1811,355.7253
9.06016,291.99997,309.14355,290.58734,354.6288
9.06516,291.42752,308.43607,289.9755,353.5014
9.07016,290.83682,307.70676,289.34564,352.3433
9.07516,290.22803,306.95575,288.69794,351.15472
9.08016,289.60114,306.1832,288.03247,349.9359
9.08516,288.95627,305.38925,287.3494,348.6871
9.09016,288.2937,304.5741,286.64886,347.40857
9.0951605,287.6134,303.73785,285.931,346.10056
9.100161,286.9156,302.8807,285.19595,344.76334
9.105161,286.20038,302.0028,284.44388,343.39716
9.110161,285.46805,301.1043,283.6749,342.0023
9.115161,284.71848,300.18542,282.8892,340.579
9.120161,283.952,299.2463,282.0869,339.12762
9.125161,283.16885,298.28717,281.26822,337.6484
9.130161,282.36893,297.30817,280.43326,336.14166
9.135161,281.55252,296.3095,279.5822,334.6077
9.1401615,280.71985,295.2914,278.71524,333.0468
9.145162,279.8711,294.25403,277.83252,331.45932
9.150162,279.00626,293.11957,276.8562,329.7675
9.155162,278.12567,292.04428,275.94257,328.0497
9.160162,277.2294,290.95038,275.01373,326.30634
9.165162,276.31784,289.83807,274.0699,324.5377
9.170162,275.39087,288.70758,273.11124,322.74414
9.175162,274.44885,287.5591,272.13797,320.92606
9.180162,273.492,286.3929,271.15027,319.08377
9.185163,272.5204,285.2092,270.14835,317.21768
9.190163,271.53424,284.0082,269.1324,315.32816
9.195163,270.5338,282.79016,268.1026,313.41556
9.200163,269.5194,281.55533,267.0592,311.4803
9.205163,268.49097,280.2744,265.97287,309.4932
9.210163,267.4488,279.00668,264.90286,307.4842
9.215163,266.3933,277.7229,263.81985,305.4537
9.220163,265.32437,276.42334,262.7241,303.40213
9.225163,264.2424,275.10822,261.61578,301.32986
9.230164,263.14752,273.7778,260.49515,299.23734
9.235164,262.04022,272.43237,259.36243,297.12497
9.240164,260.92035,271.0722,258.21783,294.99316
9.245164,259.78827,269.69754,257.06158,292.84235
9.250164,258.6444,268.30865,255.89394,290.67297
9.255164,257.48865,266.90582,254.7151,288.48547
9.260164,256.3214,265.48935,253.52533,286.28027
9.265164,255.1429,264.05948,252.32484,284.05783
9.2701645,253.95352,262.61652,251.1139,281.81857
9.275165,252.75317,261.16074,249.89275,279.56296
9.280165,251.54228,259.69827,248.66742,277.29727
9.285165,250.32109,258.21774,247.42654,275.0161
9.290165,249.09,256.72528,246.17618,272.71994
9.295165,247.8489,255.22118,244.91658,270.4092
9.300165,246.59827,253.70572,243.648,268.0844
9.305165,245.33847,252.17921,242.37068,265.746
9.310165,244.06943,250.64197,241.0849,263.39444
9.3151655,242.79156,249.09428,239.7909,261.0302
9.320166,241.50516,247.53648,238.48894,258.65378
9.325166,240.21062,245.96886,237.17928,256.26562
9.330166,238.90787,244.4008,235.87126,253.8753
9.335166,237.59732,242.81448,234.547,251.47421
9.340166,236.27945,241.21928,233.21582,249.06282
9.345166,234.95412,239.61551,231.87799,246.64162
9.350166,233.62183,238.0035,230.5338,244.21109
9.355166,232.28279,236.38356,229.18349,241.77173
9.360167,230.93748,234.75603,227.82735,239.324
9.365167,229.58582,233.12122,226.46564,236.86842
9.370167,228.22821,231.47945,225.09863,234.40547
9.375167,226.86497,229.83105,223.72661,231.93564
9.380167,225.49655,228.17638,222.34984,229.45941
9.385167,224.12283,226.51573,220.9686,226.9773
9.390167,222.7443,224.7867,219.52043,224.42703
9.395167,221.36139,223.18849,218.20448,221.94527
9.400167,219.97404,221.51195,216.81151,219.4591
9.405168,218.58269,219.83076,215.41518,216.96906
9.410168,217.18762,218.14528,214.01576,214.47562
9.415168,215.78929,216.45583,212.61354,211.97928
9.420168,214.38763,214.76274,211.2088,209.48055
9.425168,212.9831,213.06638,209.80182,206.97992
9.430168,211.57614,211.45255,208.47836,204.5634
9.435168,210.16667,209.75061,207.06772,202.14597
9.440168,208.75519,208.04639,205.65565,199.7281
9.4451685,207.34195,206.25781,204.16006,197.2279
9.450169,205.92741,204.55002,202.74605,194.72826
9.455169,204.51154,202.84097,201.33148,192.22966
9.460169,203.09473,201.13103,199.91664,189.73262
9.465169,201.6773,199.4205,198.50182,187.23764
9.470169,200.25975,197.70976,197.0873,184.74521
9.475169,198.84195,195.92485,195.59908,182.18155
9.480169,197.42438,194.21468,194.18602,179.62146
9.485169,196.0075,192.50533,192.77412,177.06544
9.49017,194.59125,190.79712,191.36368,174.51402
9.49517,193.17607,189.09042,189.95496,171.9677
9.50017,191.76225,187.38556,188.54825,169.42697
9.50517,190.3503,185.68288,187.14383,166.89236
9.51017,188.94005,183.98273,185.74197,164.36438
9.51517,187.53203,182.28543,184.34297,161.84352
9.52017,186.12668,180.59134,182.9471,159.33029
9.52517,184.72394,178.84787,181.50172,156.77228
9.53017,183.32423,177.16121,180.11296,154.22292
9.535171,181.92789,175.47878,178.72818,151.68271
9.540171,180.53531,173.8009,177.34766,149.15216
9.545171,179.14645,172.12794,175.97166,146.63177
9.550171,177.76178,170.46022,174.60048,144.12207
9.555171,176.38153,168.79808,173.23438,141.62354
9.560171,175.00621,167.14185,171.87361,139.13667
9.565171,173.63571,165.49185,170.51848,136.66199
9.570171,172.27046,163.84842,169.16925,134.19997
9.575171,170.91095,162.2119,167.82619,131.7511
9.580172,169.55707,160.58261,166.48955,129.31589
9.585172,168.20929,158.96088,165.15962,126.89481
9.590172,166.86786,157.34703,163.83665,124.48836
9.595172,165.53323,155.74138,162.52092,122.097
9.600172,164.20532,154.14426,161.21269,119.72122
9.605172,162.88458,152.556,159.91222,117.361496
9.610172,161.57144,150.87968,158.52252,114.92106
9.615172,160.26581,149.31009,157.23836,112.497635
9.6201725,158.96811,147.7503,155.96274,110.09171
9.625173,157.67862,146.20067,154.69594,107.70377
9.630173,156.39777,144.59692,153.37363,105.26973
9.635173,155.12547,143.0685,152.12521,102.85463
9.640173,153.86215,141.55115,150.88637,100.45896
9.645173,152.60823,140.04518,149.65735,98.0832
9.650173,151.36362,138.5509,148.4384,95.72782
9.655173,150.12872,137.0096,147.17075,93.334274
9.660173,148.90381,135.53961,145.97267,90.96206
9.665174,147.68929,134.08221,144.7854,88.61165
9.670174,146.48506,132.63771,143.60918,86.283516
9.675174,145.29155,131.20639,142.44423,83.97813
9.680174,144.10896,129.78854,141.29079,81.69594
9.685174,142.9377,128.38446,140.1491,79.43741
9.690174,141.77771,126.994415,139.01936,77.20299
9.695174,140.62936,125.61869,137.90184,74.993126
9.700174,139.49304,124.25757,136.79674,72.808266
9.705174,138.36868,122.91132,135.70427,70.64884
9.710175,137.25664,121.58022,134.62466,68.51529
9.715175,136.15715,120.26454,133.55814,66.408035
9.720175,135.07057,118.96455,132.50488,64.3275
9.725175,133.99683,117.6805,131.46513,62.274097
9.730175,132.9363,116.41266,130.43909,60.24824
9.735175,131.88931,115.16128,129.42696,58.250336
9.740175,130.85582,113.92662,128.42894,56.28078
9.745175,129.83615,112.65273,127.389046,54.28377
9.750175,128.83052,111.452255,126.41987,52.315907
9.755176,127.83925,110.26925,125.46541,50.37758
9.760176,126.86229,109.10395,124.525856,48.469177
9.765176,125.89995,107.9566,123.601395,46.591084
9.770176,124.95242,106.82742,122.692215,44.74367
9.775176,124.02006,105.66817,121.75001,42.878822
9.780176,123.10274,104.576035,120.87194,41.0454
9.785176,122.20081,103.48116,119.98809,39.22216
9.790176,121.31456,102.42699,119.14185,37.431076
9.7951765,120.44393,101.311264,118.230934,35.591652
9.800177,119.58921,100.295906,117.41722,33.78511
9.805177,118.75058,99.300285,116.620026,32.01181
9.810177,117.928314,98.3246,115.83951,30.272108
9.815177,117.12234,97.36906,115.07582,28.56635
9.820177,116.33295,96.43385,114.32912,26.89488
9.825177,115.5604,95.51917,113.59955,25.25803
9.830177,114.80463,94.625206,112.88726,23.656128
9.835177,114.0659,93.75214,112.19239,22.089495
9.840178,113.34436,92.90014,111.51508,20.558443
9.845178,112.64024,92.06939,110.85548,19.06328
9.850178,111.95351,91.26006,110.2137,17.604305
9.855178,111.284386,90.47232,109.589874,16.18181
9.860178,110.63301,89.7709,109.0487,14.860646
9.865178,109.99959,89.02681,108.46115,13.57651
9.870178,109.38409,88.30477,107.89191,12.329659
9.875178,108.786705,87.60493,107.34109,11.120342
9.880178,108.20765,86.92742,106.8088,9.948801
9.885179,107.64687,86.27239,106.29515,8.81527
9.890179,107.10457,85.63998,105.80024,7.719977
9.895179,106.58085,85.03031,105.32417,6.6631393
9.900179,106.075874,84.44351,104.867035,5.644969
9.905179,105.58962,83.87971,104.428925,4.6656694
9.910179,105.12225,83.33902,104.00993,3.7254367
9.915179,104.67393,82.821556,103.61014,2.8244588
9.920179,104.24459,82.32742,103.22962,1.9629161
9.9251795,103.83443,81.85672,102.868454,1.1409808
9.93018,103.44348,81.40955,102.52672,0.35881734
9.93518,103.071915,80.986015,102.204475,-0.38341793
9.94018,102.719666,80.5862,101.901794,-1.0855765
9.94518,102.38689,80.21018,101.61873,-1.747518
9.95018,102.07363,79.85805,101.35534,-2.3691099
9.95518,101.78,79.52987,101.11168,-2.9502277
9.96018,101.505974,79.22572,100.887794,-3.4907556
9.96518,101.25165,78.94567,100.68374,-3.9905853
9.9701805,101.0171,78.68977,100.49954,-4.449617
9.975181,100.80233,78.458084,100.33524,-4.8677588
9.980181,100.60739,78.250656,100.19088,-5.244927
9.985181,100.432335,78.06754,100.066475,-5.581046
9.990181,100.277214,77.908775,99.96206,-5.876049
9.995181,100.142006,77.7744,99.877655,-6.1298766
10.000181,100.02679,77.66444,99.81327,-6.3424783
